Condition,Time,SleepFactor,ATP,ROS,SeverityScore,BrainState,ConnectivityStatus
Healthy,0.0,1.0,100.0,10.0,0.1,Healthy,Stable
Healthy,5.196012789430741e-05,0.9999584336255198,100.00002597898406,10.000015587390429,0.09999597325203921,Healthy,Stable
Healthy,0.00010392025578861483,0.9999168689788032,100.00005195688826,10.000031174132948,0.09999194666059043,Healthy,Stable
Healthy,0.00024573102239335394,0.9998034383756481,100.00012285101522,10.000073710609131,0.09998095797114745,Healthy,Stable
Healthy,0.000387541788998093,0.9996900192103344,100.00019373799354,10.000116242796123,0.09996997030884971,Healthy,Stable
Healthy,0.0005293525556028322,0.9995766124348622,100.00026461722821,10.000158770336926,0.09995898376594942,Healthy,Stable
Healthy,0.0006711633222075713,0.9994632183656036,100.0003354885215,10.000201293112898,0.09994799837312286,Healthy,Stable
Healthy,0.0009570203507773347,0.9992346817341494,100.00047832391616,10.000286994349693,0.0999258579512147,Healthy,Stable
Healthy,0.0014717252316154966,0.9988233177574609,100.00073542640159,10.00044125584095,0.0998860045539275,Healthy,Stable
Healthy,0.0024020167214819452,0.9980802368654863,100.00119985195909,10.000719911175441,0.09981401135734298,Healthy,Stable
Healthy,0.004415386467191666,0.9964739264498264,100.00220379596888,10.001322277581313,0.09965837252911926,Healthy,Stable
Healthy,0.0064287562129013865,0.9948702008108886,100.00320612449322,10.001923674695915,0.09950296795837187,Healthy,Stable
Healthy,0.008442125958611107,0.9932690560689287,100.00420683995695,10.00252410397415,0.09934779734777592,Healthy,Stable
Healthy,0.010455495704320828,0.9916704881636983,100.00520594489772,10.003123566938612,0.09919286038222411,Healthy,Stable
Healthy,0.01434953136566423,0.9885860110149729,100.00713374311567,10.004280245869385,0.0988938601794567,Healthy,Stable
Healthy,0.018243567027007634,0.985511129046809,100.00905554434578,10.005433326607445,0.09859573056297057,Healthy,Stable
Healthy,0.022137602688351035,0.9824458127899603,100.01097136700632,10.006582820203764,0.09829846923463008,Healthy,Stable
Healthy,0.026031638349694436,0.9793900316565185,100.01288123021472,10.007728738128806,0.09800207378371893,Healthy,Stable
Healthy,0.029925674011037837,0.9763437553886803,100.01478515288211,10.008871091729246,0.09770654182741631,Healthy,Stable
Healthy,0.03727152727884546,0.9706229199071329,100.01836067505809,10.011016405034827,0.09715138209335052,Healthy,Stable
Healthy,0.049710563051664595,0.961011933931703,100.02436754129273,10.014620524775614,0.09621825235869273,Healthy,Stable
Healthy,0.058396711680220516,0.9543570907392116,100.02852681828804,10.017116090972797,0.09557179410973711,Healthy,Stable
Healthy,0.06708286030877644,0.9477483294339458,100.03265729410383,10.01959437646227,0.09492953690092161,Healthy,Stable
Healthy,0.07576900893733236,0.9411853320222031,100.03675916748617,10.022055500491675,0.09429145558366889,Healthy,Stable
Healthy,0.08445515756588828,0.9346677824009563,100.04083263599944,10.024499581599642,0.09365752509982042,Healthy,Stable
Healthy,0.09754058516536397,0.9249343954993762,100.04691600281292,10.028149601687733,0.09271030892699948,Healthy,Stable
Healthy,0.11062601276483966,0.9153023696234137,100.0529360189854,10.031761611391218,0.09177237110424467,Healthy,Stable
Healthy,0.12371144036431535,0.9057706489003525,100.05889334443731,10.035336006662368,0.09084362721660044,Healthy,Stable
Healthy,0.15046292086855784,0.8865920354248316,100.0708799778595,10.042527986715687,0.08897318910878975,Healthy,Stable
Healthy,0.17020442620284185,0.8726998930664032,100.07956256683353,10.047737540100098,0.08761688452573815,Healthy,Stable
Healthy,0.18994593153712586,0.859025430808694,100.08810910574459,10.05286546344674,0.08628064974706899,Healthy,Stable
Healthy,0.20968743687140987,0.8455652370418563,100.09652172684886,10.057913036109303,0.08496420728516631,Healthy,Stable
Healthy,0.22942894220569388,0.8323159527499268,100.10480252953131,10.062881517718777,0.08366728274958564,Healthy,Stable
Healthy,0.24917044753997789,0.8192742727216732,100.11295357954897,10.067772147729372,0.08238960503452224,Healthy,Stable
Healthy,0.2891411762566337,0.7934911015530668,100.12906806152935,10.0774408369176,0.07986052187770128,Healthy,Stable
Healthy,0.31656936366101207,0.7762695142808227,100.13983155357451,10.083898932144692,0.07816892843408674,Healthy,Stable
Healthy,0.34399755106539043,0.7594216997326095,100.15036143766714,10.090216862600272,0.07651225148334352,Healthy,Stable
Healthy,0.3714257384697688,0.7429395439414647,100.1606627850366,10.096397671021952,0.07488981075593802,Healthy,Stable
Healthy,0.39885392587414714,0.7268151088764778,100.17074055695223,10.102444334171322,0.07330093735789678,Healthy,Stable
Healthy,0.4262821132785255,0.7110406306746562,100.18059960582836,10.108359763497006,0.0717449738732156,Healthy,Stable
Healthy,0.45371030068290386,0.6956085149285302,100.19024467816969,10.114146806901804,0.07022127416414076,Healthy,Stable
Healthy,0.4811384880872822,0.680511331537901,100.19968041778883,10.11980825067329,0.06872920311581458,Healthy,Stable
Healthy,0.5243825008604572,0.657371472337449,100.2141428297891,10.128485697873458,0.06643950013191847,Healthy,Stable
Healthy,0.5676265136336323,0.6350184534235432,100.22811346661028,10.136868079966172,0.06422447822329848,Healthy,Stable
Healthy,0.6108705264068073,0.6134255178990718,100.24160905131308,10.144965430787849,0.06208181145878861,Healthy,Stable
Healthy,0.6541145391799823,0.5925668195130397,100.25464573780434,10.15278744268261,0.06000923867245538,Healthy,Stable
Healthy,0.6973585519531573,0.5724173921258727,100.26723912992132,10.160343477952798,0.058004562279976926,Healthy,Stable
Healthy,0.7935795626178569,0.5300077484626284,100.29374515721085,10.176247094326515,0.05377693097220613,Healthy,Stable
Healthy,0.8747053040509882,0.49670239544425154,100.31456100284734,10.188736601708406,0.05044900586740785,Healthy,Stable
Healthy,0.9319570051752357,0.47446587039974536,100.32845883100016,10.197075298600096,0.048223248552355005,Healthy,Stable
Healthy,0.9892087062994832,0.45322483504805283,100.34173447809496,10.20504068685698,0.04609425884469955,Healthy,Stable
Healthy,1.0464604074237307,0.43293472498961,100.3544157968815,10.212649478128897,0.044057957570875654,Healthy,Stable
Healthy,1.1037121085479782,0.41355296973859645,100.36652939391337,10.219917636348027,0.0421104258014913,Healthy,Stable
Healthy,1.1609638096722257,0.39503890319120344,100.37810068550549,10.2268604113033,0.04024789961536071,Healthy,Stable
Healthy,1.2182155107964732,0.3773536797483566,100.38915395015727,10.233492370094366,0.03846676508947499,Healthy,Stable
Healthy,1.2754672119207207,0.36046019354994346,100.39971237903129,10.23982742741877,0.03676355329057969,Healthy,Stable
Healthy,1.3327189130449681,0.3443230002065111,100.40979812487093,10.245878874922557,0.035134935233895354,Healthy,Stable
Healthy,1.3899706141692156,0.32890824188899165,100.41943234881937,10.251659409291626,0.0335777169207877,Healthy,Stable
Healthy,1.4472223152934631,0.314183576277057,100.42863526482684,10.2571811588961,0.03208883452937143,Healthy,Stable
Healthy,1.5044740164177106,0.3001181089720291,100.43742618189248,10.262455709135487,0.0306653497398186,Healthy,Stable
Healthy,1.561725717541958,0.28668232879649386,100.44582354450218,10.267494126701314,0.029304445155382136,Healthy,Stable
Healthy,1.6189774186662056,0.27384804578796224,100.45384497138251,10.272306982829512,0.028003419817163675,Healthy,Stable
Healthy,1.676229119790453,0.2615883319547382,100.46150729252828,10.276904375516972,0.026759684835524822,Healthy,Stable
Healthy,1.7334808209147006,0.24987746478138204,100.46882658451163,10.28129595070698,0.025570759151533663,Healthy,Stable
Healthy,1.790732522038948,0.23869087331093797,100.47581820418067,10.285490922508396,0.02443426542430587,Healthy,Stable
Healthy,1.8479842231631955,0.2280050866113009,100.48249682086794,10.289498092520759,0.023347926036853695,Healthy,Stable
Healthy,1.905235924287443,0.21779768451205883,100.48887644717996,10.293325868307974,0.022309559219959495,Healthy,Stable
Healthy,1.9624876254116905,0.2080472505465946,100.49497046840838,10.296982281045024,0.021317075297533024,Healthy,Stable
Healthy,2.019739326535938,0.19873332701944385,100.50079167061286,10.300475002367705,0.0203684730545234,Healthy,Stable
Healthy,2.0769910276601853,0.1898363720930386,100.50635226744186,10.303811360465106,0.019461836225006184,Healthy,Stable
Healthy,2.1342427287844328,0.18133771878942817,100.51166392575661,10.30699835545396,0.018595330097460023,Healthy,Stable
Healthy,2.1914944299086803,0.17321953582086347,100.51673779011196,10.310042674067173,0.01776719823542555,Healthy,Stable
Healthy,2.2487461310329278,0.16546479017433638,100.52158450614104,10.31295070368462,0.016975759312261952,Healthy,Stable
Healthy,2.3059978321571752,0.1580572113746537,100.52621424289083,10.315728545734501,0.01621940405810133,Healthy,Stable
Healthy,2.3632495332814227,0.15098125734864978,100.53063671415708,10.318382028494254,0.015496592316383761,Healthy,Stable
Healthy,2.42050123440567,0.14422208181633955,100.53486119886477,10.32091671931887,0.014805850207211911,Healthy,Stable
Healthy,2.4777529355299177,0.13776550314074895,100.53889656053703,10.323337936322217,0.014145767394941205,Healthy,Stable
Healthy,2.535004636654165,0.1315979745724413,100.54275126589222,10.325650759535332,0.013514994457469221,Healthy,Stable
Healthy,2.5922563377784127,0.12570655582680365,100.54643340260824,10.327860041564946,0.012912240354541709,Healthy,Stable
Healthy,2.64950803890266,0.1200788859339655,100.54995069629126,10.32997041777476,0.012336269992253367,Healthy,Stable
Healthy,2.7067597400269077,0.11470315730392747,100.55331052668504,10.331986316011024,0.011785901880902581,Healthy,Stable
Healthy,2.764011441151155,0.10956809095254508,100.55651994315465,10.333911965892792,0.011260005883403824,Healthy,Stable
Healthy,2.8212631422754026,0.10466291283664668,100.5595856794771,10.335751407686255,0.010757501051485437,Healthy,Stable
Healthy,2.87851484339965,0.09997733124871061,100.56251416796955,10.33750850078173,0.010277353546896554,Healthy,Stable
Healthy,2.9357665445238976,0.09550151522357349,100.56531155298526,10.339186931791158,0.00981857464485242,Healthy,Stable
Healthy,2.993018245648145,0.09122607391178336,100.56798370380514,10.34079022228308,0.009380218816980715,Healthy,Stable
Healthy,3.0502699467723926,0.08714203687633737,100.5705362269523,10.342321736171371,0.008961381891079758,Healthy,Stable
Healthy,3.10752164789664,0.08324083527151163,100.57297447795531,10.343784686773182,0.0085611992850465,Healthy,Stable
Healthy,3.1647733490208876,0.07951428386430578,100.57530357258482,10.345182143550884,0.008178844312377268,Healthy,Stable
Healthy,3.222025050145135,0.07595456386076105,100.57752839758703,10.346517038552212,0.007813526556693753,Healthy,Stable
Healthy,3.2792767512693826,0.07255420650110518,100.57965362093682,10.347792172562084,0.007464490312803249,Healthy,Stable
Healthy,3.33652845239363,0.06930607738930884,100.58168370163169,10.349010220979007,0.007131013091862606,Healthy,Stable
Healthy,3.3937801535178775,0.06620336152418371,100.5836228990474,10.35017373942843,0.006812404188276482,Healthy,Stable
Healthy,3.451031854642125,0.06323954900061708,100.58547528187462,10.351285169124766,0.006508003306021924,Healthy,Stable
Healthy,3.5082835557663725,0.06040842135093862,100.58724473665568,10.352346841993395,0.00621717924215396,Healthy,Stable
Healthy,3.56553525689062,0.05770403849775902,100.58893497593891,10.353360985563336,0.0059393286253110215,Healthy,Stable
Healthy,3.6227869580148675,0.05512072629090699,100.59054954606819,10.354329727640906,0.00567387470710368,Healthy,Stable
Healthy,3.680038659139115,0.05265306460231705,100.59209183462356,10.355255100774126,0.005420266204334607,Healthy,Stable
Healthy,3.7372903602633625,0.050295875953889804,100.59356507752884,10.356139046517287,0.005177976190061716,Healthy,Stable
Healthy,3.79454206138761,0.0480442146544637,100.59497236584097,10.356983419504571,0.004946501031580051,Healthy,Stable
Healthy,3.8517937625118575,0.04589335642310584,100.59631665223557,10.357789991341331,0.004725359373461137,Healthy,Stable
Healthy,3.909045463636105,0.04383878847695035,100.59760075720192,10.35856045432114,0.004514091163850914,Healthy,Stable
Healthy,3.9662971647603524,0.041876200062787555,100.59882737496078,10.35929642497645,0.004312256722288686,Healthy,Stable
Healthy,4.0235488658845995,0.04000147341253803,100.59999907911718,10.359999447470292,0.004119435847369873,Healthy,Stable
Healthy,4.080800567008847,0.03821067510363478,100.60111832806025,10.36067099683613,0.003935226962634409,Healthy,Stable
Healthy,4.1380522681330945,0.036500047806186466,100.60218747012115,10.361312482072673,0.0037592462991205937,Healthy,Stable
Healthy,4.195303969257342,0.034866002399606064,100.60320874850026,10.361925249100143,0.003591127113080774,Healthy,Stable
Healthy,4.252555670381589,0.03330511044216482,100.60418430597366,10.362510583584182,0.003430518937410442,Healthy,Stable
Healthy,4.338681345999792,0.03108764025493595,100.60557022484068,10.363342134904393,0.003202326187394142,Healthy,Stable
Healthy,4.424807021617994,0.02901781072403456,100.6068638682975,10.36411832097848,0.002989299260469451,Healthy,Stable
Healthy,4.510932697236196,0.02708579162467006,100.60807138023459,10.364842828140741,0.002790431912808042,Healthy,Stable
Healthy,4.5970583728543986,0.025282407118306163,100.60919849555107,10.365519097330628,0.0026047844305496465,Healthy,Stable
Healthy,4.683184048472601,0.023599092591244146,100.61025056713048,10.366150340278278,0.002431479300727491,Healthy,Stable
Healthy,4.769309724090803,0.022027853892158743,100.6112325913174,10.366739554790435,0.002269697114024755,Healthy,Stable
Healthy,4.855435399709005,0.02056122907293651,100.61214923182942,10.367289539097643,0.002118672712056616,Healthy,Stable
Healthy,4.941561075327208,0.01919225286399266,100.61300484196,10.367802905175997,0.001977691604705871,Healthy,Stable
Healthy,5.02768675094541,0.017914423709850497,100.61380348518134,10.368282091108801,0.0018460866410912925,Healthy,Stable
Healthy,5.113812426563612,0.01672167298630577,100.61454895438355,10.368729372630131,0.001723234896488303,Healthy,Stable
Healthy,5.1999381021818145,0.015608336161361057,100.61524478989914,10.369146873939485,0.0016085547518463268,Healthy,Stable
Healthy,5.286063777800017,0.014569125838497291,100.61589429635093,10.369536577810559,0.0015015031605647784,Healthy,Stable
Healthy,5.372189453418219,0.013599106632820991,100.61650055835447,10.369900335012687,0.0014015730982988779,Healthy,Stable
Healthy,5.458315129036421,0.012693671754948925,100.61706645515315,10.37023987309189,0.0013082911836610183,Healthy,Stable
Healthy,5.544440804654624,0.01184852114889221,100.61759467428193,10.370556804569162,0.0012212154546379058,Healthy,Stable
Healthy,5.630566480272826,0.011059641065481516,100.61808772433406,10.37085263460044,0.001139933289091371,Healthy,Stable
Healthy,5.716692155891028,0.010323284990053468,100.61854794688121,10.371128768128726,0.0010640594614668515,Healthy,Stable
Healthy,5.8028178315092305,0.009635955847859522,100.61897752759508,10.371386516557049,0.000993234328258016,Healthy,Stable
Healthy,5.888943507127433,0.008994389400466771,100.6193785066247,10.37162710397482,0.0009271221336697392,Healthy,Stable
Healthy,5.975069182745635,0.00839553874618362,100.61975278828362,10.371851672970175,0.0008654094268479456,Healthy,Stable
Healthy,6.061194858363837,0.007836559848666146,100.62010215009457,10.372061290056745,0.0008078035831479892,Healthy,Stable
Healthy,6.14732053398204,0.007314798028205651,100.62042825123235,10.372256950739418,0.0007540314229420091,Healthy,Stable
Healthy,6.233446209600242,0.006827775354027767,100.62073264040372,10.372439584242235,0.000703837921827986,Healthy,Stable
Healthy,6.319571885218444,0.006373178877106736,100.6210167632018,10.372610057921081,0.0006569850061958764,Healthy,Stable
Healthy,6.405697560836646,0.005948849646079687,100.62128196897119,10.372769181382717,0.0006132504283990666,Healthy,Stable
Healthy,6.491823236454849,0.005552772453777329,100.62152951721637,10.37291771032983,0.0005724267162661583,Healthy,Stable
Healthy,6.577948912073051,0.005183066266327584,100.62176058358352,10.373056350150124,0.000534320192127009,Healthy,Stable
Healthy,6.664074587691253,0.00483797528981239,100.62197626544385,10.373185759266319,0.0004987500568223197,Healthy,Stable
Healthy,6.7502002633094556,0.004515860631898231,100.62217758710504,10.373306552263037,0.00046554753440338815,Healthy,Stable
Healthy,6.836325938927658,0.0042151925185540525,100.62236550467588,10.37341930280554,0.0004345550734938564,Healthy,Stable
Healthy,6.92245161454586,0.003934543028852274,100.62254091060694,10.373524546364179,0.00040562560157157273,Healthy,Stable
Healthy,7.008577290164062,0.0036725793134791455,100.62270463792905,10.373622782757444,0.0003786218286904424,Healthy,Stable
Healthy,7.094702965782265,0.003428057264822612,100.62285746420945,10.37371447852569,0.00035341559738506176,Healthy,Stable
Healthy,7.180828641400467,0.0031998156085404194,100.62300011524462,10.373800069146796,0.0003298872757035257,Healthy,Stable
Healthy,7.266954317018669,0.0029867703884954027,100.62313326850716,10.373879961104313,0.00030792519051212687,Healthy,Stable
Healthy,7.3530799926368715,0.002787909818862237,100.62325755636319,10.373954533817926,0.0002874250984079026,Healthy,Stable
Healthy,7.439205668255074,0.0026022894789830184,100.62337356907561,10.374024141445382,0.0002682896917530487,Healthy,Stable
Healthy,7.568720125625971,0.002346160528531849,100.62353364966964,10.374120189801802,0.00024188527698001619,Healthy,Stable
Healthy,7.698234582996868,0.0021152413322433096,100.62367797416732,10.37420678450041,0.000218079396635132,Healthy,Stable
Healthy,7.827749040367765,0.001907050401874333,100.6238080934988,10.3742848560993,0.000196616332444898,Healthy,Stable
Healthy,7.957263497738662,0.0017193503885501516,100.62392540600712,10.374355243604295,0.00017726551262115136,Healthy,Stable
Healthy,8.086777955109559,0.0015501244333354471,100.62403117222914,10.3744187033375,0.00015981907826938683,Healthy,Stable
Healthy,8.216292412480456,0.001397554396131725,100.62412652850239,10.374475917101453,0.00014408964257096876,Healthy,Stable
Healthy,8.345806869851353,0.0012600010334931112,100.62421249935404,10.374527499612443,0.0001299082501798292,Healthy,Stable
Healthy,8.47532132722225,0.001135986309034721,100.62429000855684,10.374574005134114,0.0001171225559047191,Healthy,Stable
Healthy,8.604835784593147,0.0010241776290310482,100.62435988898184,10.374615933389116,0.0001055952014053971,Healthy,Stable
Healthy,8.734350241964044,0.0009233736133465242,100.62442289149163,10.374653734894999,9.5202349798709e-05,Healthy,Stable
Healthy,8.863864699334941,0.0008324911646238875,100.62447969302208,10.374687815813271,8.583235380440509e-05,Healthy,Stable
Healthy,8.993379156705839,0.000750553775863624,100.62453090389006,10.374718542334056,7.73845513169011e-05,Healthy,Stable
Healthy,9.122893614076736,0.0006766810271683443,100.624577074358,10.374746244614817,6.976818337560867e-05,Healthy,Stable
Healthy,9.252408071447633,0.0006100791496538851,100.62461870053146,10.374771220318884,6.290142199477787e-05,Healthy,Stable
Healthy,9.38192252881853,0.0005500325119721281,100.62465622968,10.374793737808014,5.671049298070624e-05,Healthy,Stable
Healthy,9.511436986189427,0.0004958959249385098,100.62469006504689,10.374814039028152,5.1128882987099164e-05,Healthy,Stable
Healthy,9.640951443560324,0.00044708769854779137,100.62472057018839,10.374832342113049,4.609662405391792e-05,Healthy,Stable
Healthy,9.770465900931221,0.0004030833905285517,100.6247480728809,10.374848843728556,4.155964937295968e-05,Healthy,Stable
Healthy,9.899980358302118,0.0003634101761674203,100.62477286863988,10.37486372118394,3.7469213049060934e-05,Healthy,Stable
Healthy,10.029494815673015,0.0003276417705161678,100.62479522389341,10.37487713433606,3.378136676569772e-05,Healthy,Stable
Healthy,10.159009273043912,0.00029539384655924715,100.62481537884588,10.374889227307545,3.0456487546756298e-05,Healthy,Stable
Healthy,10.28852373041481,0.0002663199036813625,100.62483355006019,10.374900130036124,2.7458851914128936e-05,Healthy,Stable
Healthy,10.418038187785706,0.0002401075444790431,100.6248499327847,10.374909959670825,2.4756252121337115e-05,Healthy,Stable
Healthy,10.547552645156603,0.00021647511906992188,100.62486470305058,10.374918821830354,2.2319650256666747e-05,Healthy,Stable
Healthy,10.6770671025275,0.00019516869923559901,100.62487801956297,10.374926811737792,2.0122866336471404e-05,Healthy,Stable
Healthy,10.872995960805449,0.00016685458653236215,100.62489571588341,10.374937429530055,1.7203554674890604e-05,Healthy,Stable
Healthy,11.068924819083398,0.00014264852124651388,100.62491084467422,10.374946506804537,1.47077971526539e-05,Healthy,Stable
Healthy,11.264853677361346,0.0001219542991794074,100.624923778563,10.374954267137813,1.2574124075378884e-05,Healthy,Stable
Healthy,11.460782535639295,0.00010426212275801546,100.62493483617327,10.37496090170397,1.074997413816171e-05,Healthy,Stable
Healthy,11.656711393917243,8.913642770269093e-05,100.62494428973267,10.374966573839616,9.190439452707863e-06,Healthy,Stable
Healthy,11.852640252195192,7.620503995244098e-05,100.62495237185001,10.374971423110022,7.857147687204384e-06,Healthy,Stable
Healthy,12.04856911047314,6.514972212225468e-05,100.62495928142366,10.374975568854207,6.717287442031446e-06,Healthy,Stable
Healthy,12.244497968751089,5.5698273136681364e-05,100.62496518857928,10.374979113147578,5.742793742571598e-06,Healthy,Stable
Healthy,12.440426827029038,4.7617953227445756e-05,100.62497023877923,10.374982143267543,4.9096701669711954e-06,Healthy,Stable
Healthy,12.636355685306986,4.070984238400563e-05,100.6249745563485,10.374984733809109,4.197407205438008e-06,Healthy,Stable
Healthy,12.832284543584935,3.480391469772745e-05,100.62497824755332,10.37498694853199,3.588474422905258e-06,Healthy,Stable
Healthy,13.028213401862883,2.975479568450547e-05,100.62498140325269,10.37498884195162,3.067883033778286e-06,Healthy,Stable
Healthy,13.224142260140832,2.5438175678693983e-05,100.6249841011402,10.37499046068412,2.622816116307504e-06,Healthy,Stable
Healthy,13.42007111841878,2.1747776501939798e-05,100.6249864076397,10.374991844583812,2.242315869056617e-06,Healthy,Stable
Healthy,13.61599997669673,1.859275026451007e-05,100.6249883795311,10.37499302771865,1.917015419995271e-06,Healthy,Stable
Healthy,13.811928834974678,1.589543497840507e-05,100.62499006535316,10.374994039211883,1.6389074229426e-06,Healthy,Stable
Healthy,14.007857693252626,1.3589431534447687e-05,100.62499150660531,10.374994903963174,1.4011457870125257e-06,Healthy,Stable
Healthy,14.305535878544426,1.0709928516764732e-05,100.6249933062947,10.374995983776806,1.1042531452374252e-06,Healthy,Stable
Healthy,14.603214063836225,8.440920551329714e-06,100.62499472442468,10.374996834654793,8.703058742159758e-07,Healthy,Stable
Healthy,14.900892249128024,6.652813741139543e-06,100.62499584199143,10.374997505194846,6.859421497540579e-07,Healthy,Stable
Healthy,15.198570434419823,5.243412782214078e-06,100.62499672286704,10.374998033720207,5.406250839965689e-07,Healthy,Stable
Healthy,15.496248619711622,4.132449879948082e-06,100.62499741721885,10.374998450331296,4.260786305689536e-07,Healthy,Stable
Healthy,15.793926805003421,3.2568490409501057e-06,100.62499796446937,10.374998778681611,3.357993093737889e-07,Healthy,Stable
Healthy,16.09160499029522,2.5668321452317658e-06,100.62499839572993,10.374999037437947,2.646547225900323e-07,Healthy,Stable
Healthy,16.38928317558702,2.023039467607205e-06,100.62499873560036,10.3749992413602,2.0858666539531328e-07,Healthy,Stable
Healthy,16.686961360878822,1.594431387430431e-06,100.62499900348041,10.37499940208823,1.6439478116853712e-07,Healthy,Stable
Healthy,16.984639546170623,1.2566035026763784e-06,100.62499921462283,10.374999528773687,1.2956284074413404e-07,Healthy,Stable
Healthy,17.282317731462424,9.903545432100263e-07,100.62499938102843,10.374999628617047,1.0211108652131268e-07,Healthy,Stable
Healthy,17.753040037844006,6.798565824151426e-07,100.62499957508965,10.374999745053783,7.009701266102049e-08,Healthy,Stable
Healthy,18.223762344225587,4.6717853647073026e-07,100.62499970801342,10.37499982480805,4.816871799356548e-08,Healthy,Stable
Healthy,18.69448465060717,3.2130004190764614e-07,100.62499979918748,10.374999879512485,3.312783008925882e-08,Healthy,Stable
Healthy,19.16520695698875,2.2087645327013943e-07,100.62499986195223,10.37499991717133,2.2773596894674662e-08,Healthy,Stable
Healthy,19.635929263370333,1.5165695341333856e-07,100.62499990521441,10.374999943128643,1.5636679597720075e-08,Healthy,Stable
Healthy,20.106651569751914,1.0410151607597039e-07,100.62499993493655,10.374999960961931,1.0733448207926716e-08,Healthy,Stable
Healthy,20.881392722669148,5.671901241653416e-08,100.62499996455061,10.37499997873037,5.848047233018228e-09,Healthy,Stable
Healthy,21.65613387558638,3.227151886485406e-08,100.62499997983029,10.37499998789818,3.3273739915471198e-09,Healthy,Stable
Healthy,22.430875028503614,1.9086945778639348e-08,100.62499998807064,10.374999992842394,1.9679708058657694e-09,Healthy,Stable
Healthy,23.205616181420847,1.0946037660653357e-08,100.6249999931587,10.374999995895234,1.128597671473975e-09,Healthy,Stable
Healthy,23.98035733433808,5.782981922422021e-09,100.62499999638561,10.37499999783138,5.962577633266334e-10,Healthy,Stable
Healthy,24.755098487255314,3.0354442174435166e-09,100.62499999810282,10.374999998861705,3.1297126711170205e-10,Healthy,Stable
Healthy,25.529839640172547,1.8410240399713917e-09,100.62499999884933,10.374999999309612,1.8981986994932259e-10,Healthy,Stable
Healthy,26.30458079308978,1.1847047973715456e-09,100.62499999925953,10.374999999555731,1.2214968717807608e-10,Healthy,Stable
Healthy,27.529839640172547,5.938322707840959e-10,100.62499999962883,10.374999999777307,6.12274266760296e-11,Healthy,Stable
Healthy,28.30458079308978,3.2025819622280503e-10,100.62499999979981,10.374999999879897,3.302041029346334e-11,Healthy,Stable
Healthy,29.529839640172547,2.083991252571433e-11,100.62499999998695,10.374999999992179,2.1487114778052297e-12,Healthy,Stable
Healthy,30.30458079308978,-9.903325875446407e-12,100.62500000000617,10.375000000003707,-1.021088257965584e-12,Healthy,Stable
Healthy,31.529839640172547,4.890336531353718e-11,100.62499999996942,10.374999999981654,5.042210336667878e-12,Healthy,Stable
Healthy,32.304580793089784,4.075141520072485e-11,100.62499999997452,10.374999999984711,4.20169871013172e-12,Healthy,Stable
Healthy,33.52983964017255,-1.545329819159253e-11,100.62500000000965,10.375000000005787,-1.5933214284506489e-12,Healthy,Stable
Healthy,34.304580793089784,-1.805847317116156e-11,100.62500000001127,10.375000000006764,-1.8619295319344332e-12,Healthy,Stable
Healthy,35.52983964017255,8.102284004451589e-12,100.62499999999493,10.374999999996954,8.353907731295879e-13,Healthy,Stable
Healthy,36.304580793089784,9.472480496867694e-12,100.62499999999407,10.37499999999644,9.766656909811121e-13,Healthy,Stable
Healthy,37.52983964017255,-3.835330433163107e-12,100.62500000000239,10.37500000000143,-3.954440073945021e-13,Healthy,Stable
Healthy,38.304580793089784,-4.7168145006225864e-12,100.62500000000294,10.37500000000176,-4.863299423002853e-13,Healthy,Stable
Healthy,39.52983964017255,1.7098571316353186e-12,100.62499999999892,10.37499999999935,1.7629582847916033e-13,Healthy,Stable
Healthy,40.304580793089784,2.2145966373422952e-12,100.6249999999986,10.37499999999916,2.2833729304273065e-13,Healthy,Stable
Healthy,41.52983964017255,-7.922050178179331e-13,100.62500000000047,10.375000000000288,-8.168076581228568e-14,Healthy,Stable
Healthy,42.304580793089784,-1.0444968848350935e-12,100.62500000000063,10.375000000000382,-1.0769346762896326e-13,Healthy,Stable
Healthy,43.52983964017255,3.5193822874302216e-13,100.62499999999976,10.374999999999858,3.6286798739963367e-14,Healthy,Stable
Healthy,44.304580793089784,4.781052119661417e-13,100.62499999999967,10.374999999999812,4.929531999153934e-14,Healthy,Stable
Healthy,45.52983964017255,-1.5767976100239e-13,100.62500000000007,10.37500000000005,-1.6257664799004255e-14,Healthy,Stable
Healthy,46.304580793089784,-2.1761367552973913e-13,100.6250000000001,10.375000000000071,-2.2437186421078826e-14,Healthy,Stable
Healthy,47.52983964017255,6.967596309489791e-14,100.62499999999991,10.374999999999963,7.183981288045354e-15,Healthy,Stable
Healthy,48.304580793089784,9.780854493830769e-14,100.6249999999999,10.374999999999952,1.0084607738980755e-14,Healthy,Stable
Healthy,49.52983964017255,-3.0692428356771985e-14,100.62499999999999,10.375,-3.1645609361640685e-15,Healthy,Stable
Healthy,50.304580793089784,-4.364114553163946e-14,100.62499999999999,10.375000000000005,-4.499646061026183e-15,Healthy,Stable
Healthy,51.52983964017255,1.3445367514222477e-14,100.62499999999996,10.374999999999984,1.3862925511558564e-15,Healthy,Stable
Healthy,52.304580793089784,1.9336250090957596e-14,100.62499999999994,10.37499999999998,1.993675475216743e-15,Healthy,Stable
Healthy,53.52983964017255,-5.865228247698024e-15,100.62499999999996,10.37499999999999,-6.047378193278704e-16,Healthy,Stable
Healthy,54.304580793089784,-8.517686497185213e-15,100.62499999999996,10.374999999999991,-8.782210922563632e-16,Healthy,Stable
Healthy,55.52983964017255,2.5494301747402455e-15,100.62499999999994,10.374999999999988,2.628605024887456e-16,Healthy,Stable
Healthy,56.304580793089784,3.733716845131657e-15,100.62499999999994,10.374999999999988,3.849670784421457e-16,Healthy,Stable
Healthy,57.52983964017255,-1.1044273560508157e-15,100.62499999999994,10.37499999999999,-1.1387263422635734e-16,Healthy,Stable
Healthy,58.304580793089784,-1.6295709367395606e-15,100.62499999999994,10.37499999999999,-1.680178729806006e-16,Healthy,Stable
Healthy,59.52983964017255,4.77093636760166e-16,100.62499999999994,10.374999999999988,4.919102093303571e-17,Healthy,Stable
Healthy,60.304580793089784,7.085719429155637e-16,100.62499999999994,10.374999999999988,7.305772827576615e-17,Healthy,Stable
Healthy,61.52983964017255,-2.0555806156512847e-16,100.62499999999994,10.374999999999988,-2.119418522969646e-17,Healthy,Stable
Healthy,62.304580793089784,-3.07080452324621e-16,100.62499999999994,10.374999999999988,-3.166171123347022e-17,Healthy,Stable
Healthy,63.52983964017255,8.836212312960728e-17,100.62499999999994,10.374999999999988,9.11062884441913e-18,Healthy,Stable
Healthy,64.30458079308978,1.7154716438338442e-16,100.62499999999994,10.374999999999988,1.7687471607230928e-17,Healthy,Stable
Healthy,65.52983964017255,1.3535110846604766e-16,100.62499999999994,10.374999999999988,1.395545590395273e-17,Healthy,Stable
Healthy,66.30458079308978,7.780552907949318e-17,100.62499999999994,10.374999999999988,8.022184985835938e-18,Healthy,Stable
Healthy,67.52983964017255,9.889158954207593e-18,100.62499999999994,10.374999999999988,1.0196275691915897e-18,Healthy,Stable
Healthy,68.30458079308978,-2.3863786213465722e-19,100.62499999999994,10.374999999999988,-2.4604897586554702e-20,Healthy,Stable
Healthy,69.52983964017255,-4.938458904917654e-18,100.62499999999994,10.374999999999988,-5.091827193890249e-19,Healthy,Stable
Healthy,70.30458079308978,-3.672290266741502e-18,100.62499999999994,10.374999999999988,-3.7863365483173223e-19,Healthy,Stable
Healthy,71.52983964017255,-1.8544981044154735e-18,100.62499999999994,10.374999999999988,-1.9120912132482508e-19,Healthy,Stable
Healthy,72.30458079308978,-1.1448982642459236e-18,100.62499999999994,10.374999999999988,-1.1804541109616347e-19,Healthy,Stable
Healthy,73.52983964017255,-5.781709795714488e-19,100.62499999999994,10.374999999999988,-5.961266000550338e-20,Healthy,Stable
Healthy,74.30458079308978,-3.569412928342457e-19,100.62499999999994,10.374999999999988,-3.6802642615207915e-20,Healthy,Stable
Healthy,75.52983964017255,-1.8025452860949257e-19,100.62499999999994,10.374999999999988,-1.858524953364953e-20,Healthy,Stable
Healthy,76.30458079308978,-1.1128245234444323e-19,100.62499999999994,10.374999999999988,-1.1473842912532648e-20,Healthy,Stable
Healthy,77.52983964017255,-5.619738145334418e-20,100.62499999999994,10.374999999999988,-5.794264174692626e-21,Healthy,Stable
Healthy,78.30458079308978,-3.469417646095652e-20,100.62499999999994,10.374999999999988,-3.5771635357259494e-21,Healthy,Stable
Healthy,79.52983964017255,-1.7520478994758293e-20,100.62499999999994,10.374999999999988,-1.806459324925388e-21,Healthy,Stable
Healthy,80.30458079308978,-1.0816493121290334e-20,100.62499999999994,10.374999999999988,-1.1152409056734125e-21,Healthy,Stable
Healthy,81.52983964017255,-5.462304048109694e-21,100.62499999999994,10.374999999999988,-5.631940819790115e-22,Healthy,Stable
Healthy,82.30458079308978,-3.3722236806682657e-21,100.62499999999994,10.374999999999988,-3.4769511241672776e-22,Healthy,Stable
Healthy,83.52983964017255,-1.7029651713815583e-21,100.62499999999994,10.374999999999988,-1.7558522885052079e-22,Healthy,Stable
Healthy,84.30458079308978,-1.0513474584545605e-21,100.62499999999994,10.374999999999988,-1.0839980006425896e-22,Healthy,Stable
Healthy,85.52983964017255,-5.309280386803509e-22,100.62499999999994,10.374999999999988,-5.474164870865726e-23,Healthy,Stable
Healthy,86.30458079308978,-3.277752554598699e-22,100.62499999999994,10.374999999999988,-3.37954611219493e-23,Healthy,Stable
Healthy,87.52983964017255,-1.6552574708752306e-22,100.62499999999994,10.374999999999988,-1.7066629823930938e-23,Healthy,Stable
Healthy,88.30458079308978,-1.0218944957522475e-22,100.62499999999994,10.374999999999988,-1.0536303496575961e-23,Healthy,Stable
Healthy,89.52983964017255,-5.160543605303596e-23,100.62499999999994,10.374999999999988,-5.320808934660846e-24,Healthy,Stable
Healthy,90.30458079308978,-3.185927988931403e-23,100.62499999999994,10.374999999999988,-3.2848698519416927e-24,Healthy,Stable
Healthy,91.52983964017255,-1.6088862772604415e-23,100.62499999999994,10.374999999999988,-1.6588516895977212e-24,Healthy,Stable
Healthy,92.30458079308978,-9.932666427745722e-24,100.62499999999994,10.374999999999988,-1.0241134329228501e-24,Healthy,Stable
Healthy,93.52983964017255,-5.015973608859138e-24,100.62499999999994,10.374999999999988,-5.1717491867740145e-25,Healthy,Stable
Healthy,94.30458079308978,-3.096675841626852e-24,100.62499999999994,10.374999999999988,-3.1928458988202304e-25,Healthy,Stable
Healthy,95.52983964017255,-1.563814148978445e-24,100.62499999999994,10.374999999999988,-1.6123798057790168e-25,Healthy,Stable
Healthy,96.30458079308978,-9.654407844935295e-25,100.62499999999994,10.374999999999988,-9.95423417552334e-26,Healthy,Stable
Healthy,97.52983964017255,-4.875453667112496e-25,100.62499999999994,10.374999999999988,-5.0268652716812035e-26,Healthy,Stable
Healthy,98.30458079308978,-3.0099240476969377e-25,100.62499999999994,10.374999999999988,-3.103399949799325e-26,Healthy,Stable
Healthy,99.52983964017255,-1.5200046933766631e-25,100.62499999999994,10.374999999999988,-1.5672098080778007e-26,Healthy,Stable
Healthy,100.0,-1.1045515937407517e-25,100.62499999999994,10.374999999999988,-1.1388544382668612e-26,Healthy,Stable
Mild,0.0,2.0,80.0,20.0,0.5,Mild,Slightly Weak
Mild,4.50144360601363e-05,1.9999279794958735,80.00004501281508,20.00002700768905,0.49998238872169576,Mild,Slightly Weak
Mild,9.00288721202726e-05,1.9998559615852238,80.00009002400924,20.000054014405542,0.4999647780487702,Mild,Slightly Weak
Mild,0.00021288106071911105,1.999659425117112,80.0002128593018,20.000127715581083,0.49991671847605046,Mild,Slightly Weak
Mild,0.0003357332493179495,1.999462905817607,80.00033568386398,20.000201410318397,0.49986866288710485,Mild,Slightly Weak
Mild,0.0004585854379167879,1.9992664051159263,80.00045849680252,20.000275098081527,0.49982061163148456,Mild,Slightly Weak
Mild,0.0005814376265156263,1.9990699234872262,80.00058129782046,20.00034877869229,0.49977256482544474,Mild,Slightly Weak
Mild,0.0008290294221845506,1.9986740002074432,80.00082874987032,20.000497249922212,0.4996757467303711,Mild,Slightly Weak
Mild,0.001274525334582128,1.997961806401122,80.00127387099927,20.000764322599583,0.4995015864349891,Mild,Slightly Weak
Mild,0.0020764245823619663,1.99668048624546,80.00207469609656,20.001244817657955,0.49918824455166694,Mild,Slightly Weak
Mild,0.0037407433544776316,1.9940237642142302,80.00373514736607,20.002241088419666,0.49853852441243474,Mild,Slightly Weak
Mild,0.005405062126593297,1.9913705766395857,80.00539338960023,20.003236033760157,0.4978896295307092,Mild,Slightly Weak
Mild,0.007069380898708962,1.988720919150309,80.00704942553102,20.004229655318635,0.49724155899597594,Mild,Slightly Weak
Mild,0.008733699670824628,1.9860747871599655,80.008703258025,20.005221954815013,0.4965943118445922,Mild,Slightly Weak
Mild,0.012143037500837402,1.9806652026768339,80.01208424832696,20.007250548996186,0.49527099982353406,Mild,Slightly Weak
Mild,0.015552375330850176,1.9752703540904977,80.01545602869342,20.00927361721606,0.49395113075152464,Mild,Slightly Weak
Mild,0.01896171316086295,1.9698902020146567,80.01881862374083,20.0112911742445,0.4926346963351826,Mild,Slightly Weak
Mild,0.022371050990875725,1.9645247053184538,80.02217205917594,20.013303235505575,0.4913216878455389,Mild,Slightly Weak
Mild,0.0257803888208885,1.9591738232465148,80.0255163604709,20.015309816282553,0.49001209663671125,Mild,Slightly Weak
Mild,0.032671005785882,1.9484036038762567,80.03224774757732,20.0193486485464,0.4873756785778123,Mild,Slightly Weak
Mild,0.04261280899109318,1.9329685548347528,80.04189465322825,20.025136791936966,0.4835962453509646,Mild,Slightly Weak
Mild,0.05255461219630436,1.9176557816566098,80.0514651364646,20.03087908187877,0.4798454471451252,Mild,Slightly Weak
Mild,0.06249641540151554,1.9024643119994828,80.06095980500031,20.036575883000193,0.4761230772766307,Mild,Slightly Weak
Mild,0.07243821860672672,1.8873931849023602,80.07037925943601,20.042227555661615,0.47242893125625074,Mild,Slightly Weak
Mild,0.0823800218119379,1.8724414487649261,80.07972409452191,20.04783445671315,0.4687628063056139,Mild,Slightly Weak
Mild,0.09232182501714908,1.8576081589466567,80.08899490065832,20.053396940395,0.4651245007791635,Mild,Slightly Weak
Mild,0.10226362822236026,1.8428923772897945,80.09819226419387,20.058915358516327,0.4615138140568991,Mild,Slightly Weak
Mild,0.11998310491714884,1.816952597400666,80.11440462662458,20.06864277597475,0.45514627223473564,Mild,Slightly Weak
Mild,0.1377025816119374,1.7913779351776071,80.13038879051399,20.0782332743084,0.4488647142219138,Mild,Slightly Weak
Mild,0.15542205830672598,1.7661632505854625,80.14614796838408,20.08768878103045,0.44266803350610473,Mild,Slightly Weak
Mild,0.17314153500151455,1.7413034767619702,80.16168532702376,20.09701119621426,0.43655513635633075,Mild,Slightly Weak
Mild,0.21902454793900233,1.6785453262954393,80.20090917106533,20.12054550263921,0.4211080393606608,Mild,Slightly Weak
Mild,0.24576700215558972,1.6430159965703546,80.2231150021435,20.13386900128612,0.4123533328403067,Mild,Slightly Weak
Mild,0.2725094563721771,1.6082387094018538,80.24485080662382,20.146910483974306,0.40377720177039655,Mild,Slightly Weak
Mild,0.2992519105887645,1.5741975447108132,80.26612653455571,20.159675920733445,0.3953761531387937,Mild,Slightly Weak
Mild,0.3259943648053519,1.5408769200483554,80.28695192496974,20.172171154981868,0.3871467556649112,Mild,Slightly Weak
Mild,0.35273681902193926,1.5082615838584734,80.30733651008842,20.184401906053075,0.37908563913379484,Mild,Slightly Weak
Mild,0.37947927323852665,1.476336607794722,80.32728962012827,20.19637377207698,0.3711894934514387,Mild,Slightly Weak
Mild,0.40622172745511403,1.445087379371895,80.34682038789254,20.20809223273554,0.36345506773918174,Mild,Slightly Weak
Mild,0.44932015644423884,1.3961117385886546,80.37743016338206,20.22645809802926,0.3513224486442328,Mild,Slightly Weak
Mild,0.4924185854333636,1.3487959332449189,80.4070025417219,20.24420152503316,0.3395885411172619,Mild,Slightly Weak
Mild,0.5355170144224883,1.3030837151492396,80.43557267803169,20.26134360681904,0.328240677874852,Mild,Slightly Weak
Mild,0.5786154434116131,1.2589207411029086,80.46317453681066,20.277904722086415,0.3172665630917211,Mild,Slightly Weak
Mild,0.6217138724007378,1.216254503593564,80.489840935254,20.29390456115242,0.30665426259016015,Mild,Slightly Weak
Mild,0.6648123013898626,1.1750342726358267,80.51560357960257,20.309362147761572,0.2963921962703668,Mild,Slightly Weak
Mild,0.7079107303789873,1.1352110401513016,80.5404930999054,20.324295859943266,0.2864691306879531,Mild,Slightly Weak
Mild,0.7510091593681121,1.0967374614275738,80.56453908660774,20.338723451964665,0.2768741704511676,Mild,Slightly Weak
Mild,0.7941075883572368,1.0595677961858165,80.58777012738385,20.35266207643032,0.2675967490941915,Mild,Slightly Weak
Mild,0.8657900628430845,1.0005152435303761,80.62467797279349,20.37480678367611,0.2528419992937276,Mild,Slightly Weak
Mild,0.9166831767525127,0.9605978987450043,80.64962631328436,20.389775787970624,0.2428576135210206,Mild,Slightly Weak
Mild,0.9675762906619408,0.9222731254481119,80.67357929659491,20.40414757795696,0.23326344415241743,Mild,Slightly Weak
Mild,1.018469404571369,0.8854773867616481,80.69657663327395,20.417945979964383,0.22404456550297464,Mild,Slightly Weak
Mild,1.069362518480797,0.8501496807505557,80.71865644953088,20.43119386971854,0.2151865963794158,Mild,Slightly Weak
Mild,1.1395262595531501,0.8037445067578702,80.74765968327631,20.448595809965795,0.2035408409065751,Mild,Slightly Weak
Mild,1.2096900006255031,0.7598723492450822,80.7750797817218,20.465047869033093,0.19252006984924278,Mild,Slightly Weak
Mild,1.2607720114838328,0.7294456422635522,80.79409647358526,20.476457884151166,0.1848707222992529,Mild,Slightly Weak
Mild,1.3118540223421624,0.7002372750740153,80.81235170307872,20.487411021847244,0.17752297223040867,Mild,Slightly Weak
Mild,1.4048044307451397,0.6500562591173936,80.84371483805161,20.50622890283098,0.16488854422242616,Mild,Slightly Weak
Mild,1.497754839148117,0.6034713658399621,80.87283039635001,20.523698237810017,0.15314740620500678,Mild,Slightly Weak
Mild,1.5594664308589885,0.5744018993411336,80.89099881291177,20.534599287747078,0.14581489913817558,Mild,Slightly Weak
Mild,1.62117802256986,0.546732719374529,80.90829205039091,20.544975230234552,0.13883138418139684,Mild,Slightly Weak
Mild,1.6828896142807315,0.520396374892379,80.92475226569226,20.55485135941536,0.13218044954616753,Mild,Slightly Weak
Mild,1.744601205991603,0.4953286638422493,80.9404195850986,20.564251751059157,0.12584643611908153,Mild,Slightly Weak
Mild,1.8063127977024744,0.47146847544827514,80.95533220284483,20.573199321706895,0.1198144045038924,Mild,Slightly Weak
Mild,1.868024389413346,0.44875764216458797,80.96952647364712,20.581715884188277,0.11407010382969023,Mild,Slightly Weak
Mild,1.9297359811242174,0.4271407988824278,80.98303700069847,20.58982220041909,0.1085999417811202,Mild,Slightly Weak
Mild,1.9914475728350889,0.40656524790928533,80.99589672005668,20.597538032034016,0.10339095553517298,Mild,Slightly Weak
Mild,2.0531591645459604,0.38698082996697886,81.00813698127061,20.60488218876238,0.09843078372019141,Mild,Slightly Weak
Mild,2.1148707562568316,0.36833980171548186,81.01978762392778,20.611872574356696,0.09370763957397868,Mild,Slightly Weak
Mild,2.176582347967703,0.3505967195533795,81.0308770502791,20.618526230167483,0.089210285282197,Mild,Slightly Weak
Mild,2.238293939678574,0.33370832901406855,81.04143229436617,20.624859376619725,0.084928007364455,Mild,Slightly Weak
Mild,2.3000055313894454,0.3176334592971242,81.05147908793927,20.630887452763577,0.08085059302719187,Mild,Slightly Weak
Mild,2.3617171231003167,0.30233292280065005,81.06104192324956,20.636625153949755,0.07696830748169256,Mild,Slightly Weak
Mild,2.423428714811188,0.2877694195582084,81.07014411277608,20.64208646766567,0.07327187223211523,Mild,Slightly Weak
Mild,2.485140306522059,0.27390744634666525,81.07880784603329,20.64728470762,0.06975244430081289,Mild,Slightly Weak
Mild,2.5468518982329305,0.2607132101674191,81.08705424364533,20.652232546187218,0.06640159633943642,Mild,Slightly Weak
Mild,2.6085634899438017,0.24815454585878355,81.09490340883822,20.656942045302955,0.0632112975859922,Mild,Slightly Weak
Mild,2.670275081654673,0.23620083766431144,81.10237447645977,20.661424685875883,0.060173895642950295,Mild,Slightly Weak
Mild,2.7319866733655442,0.22482294459249816,81.10948565962966,20.665691395777813,0.05728209905233216,Mild,Slightly Weak
Mild,2.7936982650764155,0.21399312938395265,81.116254294135,20.669752576481017,0.054528960637091485,Mild,Slightly Weak
Mild,2.8554098567872868,0.20368499089848774,81.12269688068841,20.673618128413068,0.051907861575630765,Mild,Slightly Weak
Mild,2.917121448498158,0.19387339975229784,81.12882912515478,20.67729747509289,0.04941249617939946,Mild,Slightly Weak
Mild,2.9788330402090293,0.18453443705356048,81.13466597684149,20.680799586104918,0.04703685734687909,Mild,Slightly Weak
Mild,3.0405446319199005,0.1756453360918436,81.14022166494256,20.684132998965563,0.04477522266791395,Mild,Slightly Weak
Mild,3.102256223630772,0.16718442683847232,81.14550973322592,20.687305839935576,0.04262214115176912,Mild,Slightly Weak
Mild,3.163967815341643,0.1591310831198552,81.15054307305006,20.690325843830056,0.040572420552596807,Mild,Slightly Weak
Mild,3.2256794070525143,0.15146567233421634,81.15533395479109,20.69320037287467,0.03862111526729884,Mild,Slightly Weak
Mild,3.2873909987633856,0.14416950759020572,81.1598940577561,20.695936434653674,0.036763514782053565,Mild,Slightly Weak
Mild,3.349102590474257,0.13722480215154345,81.16423449865528,20.698540699193174,0.034995132644533376,Mild,Slightly Weak
Mild,3.410814182185128,0.1306146260764526,81.1683658587022,20.701019515221333,0.03331169593938668,Mild,Slightly Weak
Mild,3.4725257738959994,0.12432286494567137,81.17229820940894,20.703378925645374,0.03170913524527657,Mild,Slightly Weak
Mild,3.5342373656068706,0.1183341805783181,81.17604113713853,20.705624682283133,0.030183575052654284,Mild,Slightly Weak
Mild,3.595948957317742,0.11263397364005076,81.17960376647494,20.707762259884984,0.02873132462230054,Mild,Slightly Weak
Mild,3.657660549028613,0.10720834805251092,81.18299478246716,20.70979686948031,0.027348869265408637,Mild,Slightly Weak
Mild,3.7193721407394844,0.102044077117243,81.18622245180171,20.711733471081036,0.026032862026675964,Mild,Slightly Weak
Mild,3.7810837324503557,0.0971285712714118,81.18929464295536,20.713576785773224,0.024780115752580968,Mild,Slightly Weak
Mild,3.842795324161227,0.09244984739669725,81.19221884537707,20.71533130722624,0.023587595527747234,Mild,Slightly Weak
Mild,3.904506915872098,0.08799649960658801,81.19500218774589,20.71700131264753,0.022452411462995266,Mild,Slightly Weak
Mild,3.9662185075829695,0.08375767144088368,81.19765145534944,20.71859087320967,0.021371811819343695,Mild,Slightly Weak
Mild,4.027930099293841,0.07972302939961008,81.20017310662524,20.720103863975147,0.02034317645285767,Mild,Slightly Weak
Mild,4.089641691004712,0.07588273775181102,81.20257328890511,20.721543973343074,0.019364010565865335,Mild,Slightly Weak
Mild,4.151353282715584,0.07222743455780331,81.20485785340136,20.722914712040826,0.01843193875067136,Mild,Slightly Weak
Mild,4.213064874426455,0.06874820884644936,81.20703236947097,20.724219421682584,0.017544699312483425,Mild,Slightly Weak
Mild,4.274776466137326,0.06543657889181409,81.20910213819262,20.725461282915575,0.01670013885883023,Mild,Slightly Weak
Mild,4.3364880578481975,0.062284471536246055,81.21107220528985,20.726643323173914,0.015896207143292235,Mild,Slightly Weak
Mild,4.398199649559069,0.05928420250947315,81.21294737343159,20.727768424058954,0.015130952151890248,Mild,Slightly Weak
Mild,4.45991124126994,0.05642845769573434,81.21473221394018,20.728839328364106,0.014402515420982876,Mild,Slightly Weak
Mild,4.521622832980811,0.05371027530328147,81.21643107793545,20.729858646761276,0.013709127576010217,Mild,Slightly Weak
Mild,4.5833344246916825,0.05112302889278441,81.218048106942,20.73082886416521,0.013049104080888397,Mild,Slightly Weak
Mild,4.645046016402554,0.04866041122326525,81.21958724298545,20.73175234579128,0.012420841188308602,Mild,Slightly Weak
Mild,4.706757608113425,0.0463164188761804,81.22105223820239,20.732631342921437,0.011822812081625753,Mild,Slightly Weak
Mild,4.768469199824296,0.044085337620166774,81.2224466639874,20.73346799839244,0.011253563199436644,Mild,Slightly Weak
Mild,4.8301807915351676,0.041961728480774355,81.22377391969951,20.73426435181971,0.010711710734345011,Mild,Slightly Weak
Mild,4.891892383246039,0.03994041448122562,81.22503724094923,20.73502234456954,0.010195937297792538,Mild,Slightly Weak
Mild,4.95360397495691,0.03801646802187827,81.22623970748633,20.735743824491795,0.0097049887432004,Mild,Slightly Weak
Mild,5.015315566667781,0.03618519886762435,81.22738425070774,20.73643055042464,0.009237671140016536,Mild,Slightly Weak
Mild,5.077027158378653,0.03444214271394145,81.2284736608038,20.737084196482268,0.008792847891599719,Mild,Slightly Weak
Mild,5.138738750089524,0.03278305030372192,81.22951059356019,20.7377063561361,0.008369436990193083,Mild,Slightly Weak
Mild,5.200450341800395,0.03120387706834901,81.23049757683229,20.738298546099365,0.007966408402547677,Mild,Slightly Weak
Mild,5.262161933511266,0.029700773267766763,81.23143701670766,20.738862210024585,0.007582781580051404,Mild,Slightly Weak
Mild,5.323873525222138,0.028270074605506783,81.23233120337157,20.739398722022933,0.007217623087500481,Mild,Slightly Weak
Mild,5.385585116933009,0.02690829329579311,81.23318231669013,20.739909390014077,0.006870044344920491,Mild,Slightly Weak
Mild,5.44729670864388,0.025612109560948386,81.23399243152441,20.74039545891464,0.006539199477101826,Mild,Slightly Weak
Mild,5.509008300354751,0.02437836353837353,81.23476352278853,20.740858113673106,0.006224283265761031,Mild,Slightly Weak
Mild,5.570719892065623,0.023204047577371587,81.23549747026415,20.741298482158484,0.005924529199475161,Mild,Slightly Weak
Mild,5.632431483776494,0.022086298907036762,81.2361960631831,20.74171763790986,0.005639207616761512,Mild,Slightly Weak
Mild,5.694143075487365,0.021022392657334348,81.23686100458917,20.7421166027535,0.005367623937890278,Mild,Slightly Weak
Mild,5.786780686331841,0.01952075215007255,81.23779952990621,20.742679717943723,0.004984289481563997,Mild,Slightly Weak
Mild,5.879418297176318,0.018126375031488978,81.23867101560533,20.743202609363195,0.004628326204145455,Mild,Slightly Weak
Mild,5.972055908020794,0.01683159918485213,81.23948025050949,20.743688150305683,0.004297780383193949,Mild,Slightly Weak
Mild,6.06469351886527,0.015629309692393303,81.24023168144228,20.744139008865353,0.003990837620243692,Mild,Slightly Weak
Mild,6.157331129709746,0.01451290014730879,81.24092943740797,20.74455766244476,0.0037058130186349556,Mild,Slightly Weak
Mild,6.249968740554222,0.013476236262896983,81.24157735233572,20.74494641140141,0.0034411419400283806,Mild,Slightly Weak
Mild,6.3426063513986985,0.012513621876311729,81.24217898632735,20.74530739179638,0.003195371365562263,Mild,Slightly Weak
Mild,6.435243962243175,0.01161976756565044,81.2427376452715,20.745642587162877,0.0029671519184326974,Mild,Slightly Weak
Mild,6.527881573087651,0.010789761699710467,81.24325639893772,20.745953839362603,0.002755230502587815,Mild,Slightly Weak
Mild,6.620519183932127,0.010019043541690753,81.24373809778649,20.74624285867186,0.0025584434615421436,Mild,Slightly Weak
Mild,6.713156794776603,0.009303378169970927,81.24418538864381,20.746511233186254,0.0023757101974323028,Mild,Slightly Weak
Mild,6.8057944056210795,0.008638833153677009,81.244600729279,20.746760437567364,0.0022060272349256707,Mild,Slightly Weak
Mild,6.898432016465556,0.008021756932152896,81.24498640191744,20.746991841150432,0.0020484627174377893,Mild,Slightly Weak
Mild,6.991069627310032,0.007448758773100872,81.24534452576684,20.747206715460077,0.0019021513040677444,Mild,Slightly Weak
Mild,7.083707238154508,0.006916690157075341,81.24567706865184,20.747406241191086,0.0017662894286920752,Mild,Slightly Weak
Mild,7.176344848998984,0.006422627471886789,81.24598585783009,20.747591514698033,0.0016401308917706051,Mild,Slightly Weak
Mild,7.2689824598434605,0.005963855937614352,81.24627259003901,20.747763554023383,0.001522982764861651,Mild,Slightly Weak
Mild,7.361620070687937,0.005537854687721426,81.2465388408202,20.747923304492094,0.0014142015890348078,Mild,Slightly Weak
Mild,7.454257681532413,0.005142282921939052,81.24678607317381,20.748071643904265,0.0013131898458300332,Mild,Slightly Weak
Mild,7.546895292376889,0.004774967046759514,81.2470156455958,20.74820938735746,0.0012193926794315274,Mild,Slightly Weak
Mild,7.639532903221365,0.004433888730738875,81.24722881954331,20.748337291725967,0.0011322948516026693,Mild,Slightly Weak
Mild,7.732170514065841,0.00411717381222537,81.24742676636738,20.74845605982041,0.001051417913569705,Mild,Slightly Weak
Mild,7.824808124910318,0.0038230820010112542,81.2476105737494,20.748566344249614,0.0009763175800165315,Mild,Slightly Weak
Mild,7.917445735754794,0.003549997316669052,81.24778125167711,20.748668751006242,0.0009065812906614817,Mild,Slightly Weak
Mild,8.01008334659927,0.0032964192095066166,81.24793973799409,20.748763842796425,0.0008418259456851933,Mild,Slightly Weak
Mild,8.102720957443747,0.003060954315052958,81.24808690355312,20.748852142131845,0.000781695802539282,Mild,Slightly Weak
Mild,8.195358568288224,0.0028423087974258137,81.24822355700164,20.748934134200958,0.0007258605227900509,Mild,Slightly Weak
Mild,8.287996179132701,0.0026392812399361194,81.24835044922506,20.749010269535017,0.0006740133584108718,Mild,Slightly Weak
Mild,8.380633789977178,0.002450756043704003,81.2484682774727,20.749080966483604,0.0006258694675480122,Mild,Slightly Weak
Mild,8.473271400821655,0.0022756972977272596,81.24857768918893,20.749146613513346,0.0005811643504597873,Mild,Slightly Weak
Mild,8.565909011666132,0.0021131430866832344,81.24867928557083,20.749207571342488,0.0005396523970491731,Mild,Slightly Weak
Mild,8.65854662251061,0.001962200205318044,81.24877362487169,20.749264174923,0.000501105538062779,Mild,Slightly Weak
Mild,8.751184233355087,0.0018220392504528541,81.24886122546847,20.749316735281074,0.00046531199258100626,Mild,Slightly Weak
Mild,8.843821844199564,0.001691890063601623,81.24894256871026,20.749365541226144,0.00043207510492275557,Mild,Slightly Weak
Mild,8.93645945504404,0.0015710374991054169,81.24901810156308,20.749410860937832,0.00040121226457321855,Mild,Slightly Weak
Mild,9.07695276073412,0.001404023114993674,81.24912248555316,20.749473491331877,0.0003585606775132681,Mild,Slightly Weak
Mild,9.217446066424198,0.001254764150372685,81.24921577240605,20.749529463443608,0.00032044328625597775,Mild,Slightly Weak
Mild,9.357939372114277,0.0011213728260564045,81.24929914198374,20.749579485190225,0.00028637803442622603,Mild,Slightly Weak
Mild,9.498432677804356,0.0010021619462848982,81.2493736487836,20.74962418927014,0.0002559340808224247,Mild,Slightly Weak
Mild,9.638925983494435,0.0008956239585365194,81.24944023502594,20.749664141015547,0.00022872645377645633,Mild,Slightly Weak
Mild,9.779419289184514,0.000800411788892474,81.24949974263197,20.749699845579165,0.0002044111585300932,Mild,Slightly Weak
Mild,9.919912594874592,0.0007153215164878973,81.24955292405222,20.74973175443132,0.00018268075393806888,Mild,Slightly Weak
Mild,10.060405900564671,0.0006392770713500718,81.24960045183043,20.749760271098246,0.00016326044563367352,Mild,Slightly Weak
Mild,10.20089920625475,0.0005713167456154845,81.24964292703402,20.749785756220398,0.00014590464208080826,Mild,Slightly Weak
Mild,10.341392511944829,0.0005105811232200532,81.24968088679802,20.749808532078795,0.00013039387270542856,Mild,Slightly Weak
Mild,10.481885817634907,0.0004563021893342294,81.2497148111317,20.749828886679,0.00011653200717456628,Mild,Slightly Weak
Mild,10.622379123324986,0.0004077935624372546,81.24974512902351,20.74984707741409,0.00010414376126706555,Mild,Slightly Weak
Mild,10.762872429015065,0.00036444180358765596,81.24977222387278,20.74986333432366,9.307247775319163e-05,Mild,Slightly Weak
Mild,10.903365734705144,0.0003256986835874104,81.24979643832278,20.74987786299366,8.31781518333622e-05,Mild,Slightly Weak
Mild,11.043859040395223,0.0002910742660280452,81.24981807858374,20.749890847150244,7.433566488302453e-05,Mild,Slightly Weak
Mild,11.184352346085301,0.00026013070546196913,81.24983741830908,20.749902450985456,6.643320078355698e-05,Mild,Slightly Weak
Mild,11.32484565177538,0.0002324766997498598,81.24985470206265,20.749912821237597,5.937082928292496e-05,Mild,Slightly Weak
Mild,11.465338957465459,0.00020776254052802531,81.24987014841216,20.749922089047306,5.305924207761098e-05,Mild,Slightly Weak
Mild,11.605832263155538,0.00018567569595517305,81.24988395269001,20.74993037161402,4.741862480707283e-05,Mild,Slightly Weak
Mild,11.746325568845617,0.00016593686123092722,81.24989628946172,20.74993777367704,4.2377648491197025e-05,Mild,Slightly Weak
Mild,11.886818874535695,0.00014829642506304614,81.24990731473432,20.749944388840603,3.787256717970494e-05,Mild,Slightly Weak
Mild,12.027312180225774,0.00013253131110821265,81.24991716793053,20.749950300758336,3.384641135209908e-05,Mild,Slightly Weak
Mild,12.167805485915853,0.00011844215694625198,81.24992597365188,20.749955584191145,3.024826750891453e-05,Mild,Slightly Weak
Mild,12.379537849470779,9.998710662189537e-05,81.24993750805834,20.749962504835015,2.55351422659925e-05,Mild,Slightly Weak
Mild,12.591270213025705,8.440799334067361e-05,81.24994724500414,20.749968347002493,2.155648402787939e-05,Mild,Slightly Weak
Mild,12.803002576580631,7.125647588517534e-05,81.24995546470255,20.74997327882154,1.819779422774841e-05,Mild,Slightly Weak
Mild,13.014734940135558,6.0153990659022505e-05,81.24996240375583,20.7499774422535,1.5362394176056212e-05,Mild,Slightly Weak
Mild,13.226467303690484,5.078123029966646e-05,81.24996826173106,20.749980957038634,1.296873813290303e-05,Mild,Slightly Weak
Mild,13.43819966724541,4.2868834353000864e-05,81.24997320697852,20.749983924187113,1.0948035901592237e-05,Mild,Slightly Weak
Mild,13.649932030800336,3.618935481897851e-05,81.24997738165324,20.749986428991935,9.242200989674889e-06,Mild,Slightly Weak
Mild,13.861664394355262,3.055065419232276e-05,81.24998090584113,20.74998854350467,7.802164596468192e-06,Mild,Slightly Weak
Mild,14.073396757910189,2.5790506720216136e-05,81.2499838809333,20.749990328559974,6.586496876077887e-06,Mild,Slightly Weak
Mild,14.285129121465115,2.177201856685859e-05,81.2499863924884,20.74999183549303,5.560237331267844e-06,Mild,Slightly Weak
Mild,14.496861485020041,1.8379660464242828e-05,81.24998851271222,20.74999310762732,4.693881623058929e-06,Mild,Slightly Weak
Mild,14.708593848574967,1.5515888679485275e-05,81.2499903025696,20.749994181541737,3.962518624578675e-06,Mild,Slightly Weak
Mild,14.920326212129893,1.3098333237896696e-05,81.24999181354175,20.749995088125026,3.3451123413366606e-06,Mild,Slightly Weak
Mild,15.13205857568482,1.105745636964804e-05,81.2499930890898,20.74999585345385,2.8239039179777237e-06,Mild,Slightly Weak
Mild,15.343790939239746,9.334567323384838e-06,81.24999416589546,20.74999649953724,2.3839046546815887e-06,Mild,Slightly Weak
Mild,15.555523302794672,7.880126112538848e-06,81.24999507492122,20.749997044952693,2.0124628118224437e-06,Mild,Slightly Weak
Mild,15.882987088928125,6.064244892072661e-06,81.24999620984697,20.749997725908152,1.548714751873523e-06,Mild,Slightly Weak
Mild,16.21045087506158,4.667180598407824e-06,81.24999708301215,20.749998249807263,1.1919260643117611e-06,Mild,Slightly Weak
Mild,16.537914661195032,3.5921761290502305e-06,81.24999775488993,20.74999865293394,9.173864849049523e-07,Mild,Slightly Weak
Mild,16.865378447328485,2.764699589806474e-06,81.24999827206277,20.74999896323764,7.06061721134501e-07,Mild,Slightly Weak
Mild,17.19284223346194,2.1276846702116507e-06,81.2499986701971,20.749999202118236,5.433779191610645e-07,Mild,Slightly Weak
Mild,17.52030601959539,1.6374148115361441e-06,81.24999897661577,20.749999385969435,4.181705447618633e-07,Mild,Slightly Weak
Mild,17.847769805728845,1.2601761942233654e-06,81.24999921238991,20.749999527433918,3.2182960846885605e-07,Mild,Slightly Weak
Mild,18.1752335918623,9.698839646259087e-07,81.24999939382255,20.749999636293506,2.4769344078007e-07,Mild,Slightly Weak
Mild,18.50269737799575,7.464420884919683e-07,81.24999953347373,20.749999720084208,1.9062982419939982e-07,Mild,Slightly Weak
Mild,18.830161164129205,5.744485314692484e-07,81.24999964096969,20.749999784581792,1.4670531639276168e-07,Mild,Slightly Weak
Mild,19.321785152828127,3.878033628332899e-07,81.24999975762293,20.749999854573733,9.90390122633693e-08,Mild,Slightly Weak
Mild,19.81340914152705,2.621004251562639e-07,81.24999983618726,20.749999901712336,6.693641608856955e-08,Mild,Slightly Weak
Mild,20.305033130225972,1.7733780763382373e-07,81.24999988916389,20.749999933498316,4.5289347712347996e-08,Mild,Slightly Weak
Mild,20.796657118924895,1.1994596576201446e-07,81.24999992503379,20.749999955020254,3.063235429492988e-08,Mild,Slightly Weak
Mild,21.288281107623817,8.101387668372983e-08,81.24999994936634,20.749999969619786,2.0689697720292557e-08,Mild,Slightly Weak
Mild,21.77990509632274,5.4695861253976815e-08,81.24999996581509,20.74999997948904,1.3968481481546652e-08,Mild,Slightly Weak
Mild,22.60213789661291,2.8826168255848535e-08,81.24999998198365,20.749999989190176,7.361759890829333e-09,Mild,Slightly Weak
Mild,23.42437069690308,1.6198408127564242e-08,81.249999989876,20.749999993925588,4.1368242288054575e-09,Mild,Slightly Weak
Mild,24.24660349719325,9.660866536960892e-09,81.24999999396196,20.749999996377163,2.4672366845764433e-09,Mild,Slightly Weak
Mild,25.06883629748342,5.5081162956460946e-09,81.24999999655743,20.74999999793444,1.406688161576883e-09,Mild,Slightly Weak
Mild,25.89106909777359,2.7667710487372276e-09,81.24999999827078,20.749999998962444,7.065907601187525e-10,Mild,Slightly Weak
Mild,26.713301898063758,1.364577538291445e-09,81.24999999914715,20.749999999488267,3.4849210977410953e-10,Mild,Slightly Weak
Mild,27.535534698353928,8.544428386724743e-10,81.24999999946598,20.749999999679567,2.1821155572057325e-10,Mild,Slightly Weak
Mild,28.357767498644098,5.844456735665284e-10,81.24999999963474,20.749999999780815,1.492584335560847e-10,Mild,Slightly Weak
Mild,29.180000298934267,2.8620577920987383e-10,81.24999999982113,20.749999999892655,7.309255284415056e-11,Mild,Slightly Weak
Mild,30.002233099224437,6.95570520908601e-11,81.24999999995653,20.749999999973895,1.7763800995499122e-11,Mild,Slightly Weak
Mild,30.824465899514607,2.3722451610037788e-11,81.24999999998518,20.749999999991083,6.058349180408152e-12,Mild,Slightly Weak
Mild,31.646698699804777,5.616151760953544e-11,81.2499999999649,20.749999999978918,1.4342787574119135e-11,Mild,Slightly Weak
Mild,32.82446589951461,1.146139811137312e-10,81.24999999992836,20.749999999956998,2.927064748439496e-11,Mild,Slightly Weak
Mild,33.64669869980477,7.545476765292075e-11,81.24999999995283,20.74999999997168,1.9269986815961572e-11,Mild,Slightly Weak
Mild,34.82446589951461,-4.141553275702032e-11,81.25000000002588,20.750000000015508,-1.057688990410511e-11,Mild,Slightly Weak
Mild,35.64669869980477,-3.807858881879003e-11,81.25000000002379,20.750000000014257,-9.724685759879442e-12,Mild,Slightly Weak
Mild,36.82446589951461,6.657401254929169e-11,81.24999999995839,20.749999999975014,1.7001978589499648e-11,Mild,Slightly Weak
Mild,37.64669869980477,5.686544375477922e-11,81.24999999996446,20.749999999978655,1.4522559481981183e-11,Mild,Slightly Weak
Mild,38.46893150009494,2.7415294285172253e-12,81.24999999999828,20.749999999998952,7.001444386674554e-13,Mild,Slightly Weak
Mild,39.64669869980477,-7.448655545485708e-11,81.25000000004655,20.750000000027914,-1.902272031617819e-11,Mild,Slightly Weak
Mild,40.46893150009494,-5.0750814319709e-11,81.25000000003173,20.75000000001901,-1.2960977195501726e-11,Mild,Slightly Weak
Mild,41.64669869980477,2.0356284585150714e-11,81.24999999998728,20.749999999992347,5.198681909437387e-12,Mild,Slightly Weak
Mild,42.46893150009494,2.3655051126544228e-11,81.24999999998522,20.74999999999111,6.041136133854421e-12,Mild,Slightly Weak
Mild,43.64669869980477,-7.036429794076588e-12,81.2500000000044,20.750000000002622,-1.7969959166412276e-12,Mild,Slightly Weak
Mild,44.46893150009494,-1.0922135189600547e-11,81.25000000000684,20.75000000000408,-2.7893452945752225e-12,Mild,Slightly Weak
Mild,45.64669869980477,1.123438990720699e-12,81.2499999999993,20.74999999999956,2.8690903455328255e-13,Mild,Slightly Weak
Mild,46.46893150009494,3.758610454187782e-12,81.24999999999766,20.749999999998572,9.598912852233029e-13,Mild,Slightly Weak
Mild,47.64669869980477,2.75546265606847e-13,81.24999999999983,20.74999999999988,7.037027706267143e-14,Mild,Slightly Weak
Mild,48.46893150009494,-9.476827838195013e-13,81.2500000000006,20.750000000000338,-2.420236032523671e-13,Mild,Slightly Weak
Mild,49.64669869980477,-3.7117278029721083e-13,81.25000000000024,20.75000000000012,-9.47918177374418e-14,Mild,Slightly Weak
Mild,50.46893150009494,4.058919118639913e-14,81.24999999999999,20.749999999999964,1.0365854979911147e-14,Mild,Slightly Weak
Mild,51.64669869980477,2.5298751075806556e-13,81.24999999999984,20.749999999999886,6.460911813205959e-14,Mild,Slightly Weak
Mild,52.46893150009494,1.872234121421068e-13,81.24999999999989,20.74999999999991,4.781397910090714e-14,Mild,Slightly Weak
Mild,53.64669869980477,5.1185515198352916e-14,81.24999999999997,20.74999999999996,1.3071993112194724e-14,Mild,Slightly Weak
Mild,54.46893150009494,1.833362355892179e-14,81.25,20.749999999999975,4.68212540120156e-15,Mild,Slightly Weak
Mild,55.64669869980477,-9.119259115669757e-16,81.25000000000001,20.749999999999982,-2.3289184818479663e-16,Mild,Slightly Weak
Mild,56.46893150009494,-2.7654870145713247e-15,81.25000000000003,20.749999999999982,-7.062628375674452e-16,Mild,Slightly Weak
Mild,57.64669869980477,-1.4238839569754785e-15,81.25000000000003,20.749999999999982,-3.6363805670450643e-16,Mild,Slightly Weak
Mild,58.46893150009494,-8.589068495143108e-16,81.25000000000003,20.749999999999982,-2.1935159541442375e-16,Mild,Slightly Weak
Mild,59.64669869980477,-4.4223085377580496e-16,81.25000000000003,20.749999999999982,-1.1293895650274392e-16,Mild,Slightly Weak
Mild,60.46893150009494,-2.6675987710502863e-16,81.25000000000003,20.749999999999982,-6.812636861451492e-17,Mild,Slightly Weak
Mild,61.64669869980477,-1.3734836120121085e-16,81.25000000000003,20.749999999999982,-3.5076658399078424e-17,Mild,Slightly Weak
Mild,62.46893150009494,-8.285046518528703e-17,81.25000000000003,20.749999999999982,-2.115873418578097e-17,Mild,Slightly Weak
Mild,63.64669869980477,-4.265774801461939e-17,81.25000000000003,20.749999999999982,-1.08941325698874e-17,Mild,Slightly Weak
Mild,64.46893150009494,-2.573175417499494e-17,81.25000000000003,20.749999999999982,-6.571494143152546e-18,Mild,Slightly Weak
Mild,65.64669869980477,-1.3248672570712276e-17,81.25000000000003,20.749999999999982,-3.3835071488280543e-18,Mild,Slightly Weak
Mild,66.46893150009494,-7.991785820895456e-18,81.25000000000003,20.749999999999982,-2.0409791481056066e-18,Mild,Slightly Weak
Mild,67.64669869980477,-4.114781793586202e-18,81.25000000000003,20.749999999999982,-1.0508519657466288e-18,Mild,Slightly Weak
Mild,68.46893150009494,-2.482094309339026e-18,81.25000000000003,20.749999999999982,-6.33888700538889e-19,Mild,Slightly Weak
Mild,69.64669869980477,-1.2779717453548794e-18,81.25000000000003,20.749999999999982,-3.2637432265986115e-19,Mild,Slightly Weak
Mild,70.46893150009494,-7.708905491867747e-19,81.25000000000003,20.749999999999982,-1.9687358640769918e-19,Mild,Slightly Weak
Mild,71.64669869980477,-3.969133392373609e-19,81.25000000000003,20.749999999999982,-1.0136556048215667e-19,Mild,Slightly Weak
Mild,72.46893150009494,-2.3942371431637496e-19,81.25000000000003,20.749999999999982,-6.114513319464338e-20,Mild,Slightly Weak
Mild,73.64669869980477,-1.2327361652334892e-19,81.25000000000003,20.749999999999982,-3.1482185142885996e-20,Mild,Slightly Weak
Mild,74.46893150009494,-7.436038103920313e-20,81.25000000000003,20.749999999999982,-1.8990497311550316e-20,Mild,Slightly Weak
Mild,75.64669869980477,-3.8286404180681844e-20,81.25000000000003,20.749999999999982,-9.777758606143352e-21,Mild,Slightly Weak
Mild,76.46893150009494,-2.309489803081425e-20,81.25000000000003,20.749999999999982,-5.8980816509464015e-21,Mild,Slightly Weak
Mild,77.64669869980477,-1.1891017611289839e-20,81.25000000000003,20.749999999999982,-3.03678295919094e-21,Mild,Slightly Weak
Mild,78.46893150009494,-7.172829235134102e-21,81.25000000000003,20.749999999999982,-1.8318302354342457e-21,Mild,Slightly Weak
Mild,79.64669869980477,-3.693120387193462e-21,81.25000000000003,20.749999999999982,-9.431661296524831e-22,Mild,Slightly Weak
Mild,80.46893150009494,-2.2277422124898872e-21,81.25000000000003,20.749999999999982,-5.689310881128013e-22,Mild,Slightly Weak
Mild,81.64669869980477,-1.147011857198362e-21,81.25000000000003,20.749999999999982,-2.929291819921967e-22,Mild,Slightly Weak
Mild,82.46893150009494,-6.918937008844815e-22,81.25000000000003,20.749999999999982,-1.766990066874212e-22,Mild,Slightly Weak
Mild,83.64669869980477,-3.5623972755283935e-22,81.25000000000003,20.749999999999982,-9.097814580580194e-23,Mild,Slightly Weak
Mild,84.46893150009494,-2.1488881911007796e-22,81.25000000000003,20.749999999999982,-5.487929841888138e-23,Mild,Slightly Weak
Mild,85.64669869980477,-1.1064117837185896e-22,81.25000000000003,20.749999999999982,-2.825605478419779e-23,Mild,Slightly Weak
Mild,86.46893150009494,-6.674031649586234e-23,81.25000000000003,20.749999999999982,-1.7044450058943288e-23,Mild,Slightly Weak
Mild,87.64669869980477,-3.436301290197238e-23,81.25000000000003,20.749999999999982,-8.775784833426783e-24,Mild,Slightly Weak
Mild,88.46893150009494,-2.0728253176351038e-23,81.25000000000003,20.749999999999982,-5.293676965037336e-24,Mild,Slightly Weak
Mild,89.64669869980477,-1.0672488066167019e-23,81.25000000000003,20.749999999999982,-2.7255892599749586e-24,Mild,Slightly Weak
Mild,90.46893150009494,-6.4377950585467215e-24,81.25000000000003,20.749999999999982,-1.6441138149519302e-24,Mild,Slightly Weak
Mild,91.64669869980477,-3.314668648159767e-24,81.25000000000003,20.749999999999982,-8.465153778377242e-25,Mild,Slightly Weak
Mild,92.46893150009494,-1.999454795502673e-24,81.25000000000003,20.749999999999982,-5.106299939283743e-25,Mild,Slightly Weak
Mild,93.64669869980477,-1.029472057403691e-24,81.25000000000003,20.749999999999982,-2.6291132542925e-25,Mild,Slightly Weak
Mild,94.46893150009494,-6.209920388738049e-25,81.25000000000003,20.749999999999982,-1.585918130046946e-25,Mild,Slightly Weak
Mild,95.64669869980477,-3.197341361898642e-25,81.25000000000003,20.749999999999982,-8.165517939618061e-26,Mild,Slightly Weak
Mild,96.46893150009494,-1.9286813245892642e-25,81.25000000000003,20.749999999999982,-4.925555382797192e-26,Mild,Slightly Weak
Mild,97.64669869980477,-9.930324685344112e-26,81.25000000000003,20.749999999999982,-2.536052150410955e-26,Mild,Slightly Weak
Mild,98.46893150009494,-5.99011165838041e-26,81.25000000000003,20.749999999999982,-1.5297823619863798e-26,Mild,Slightly Weak
Mild,99.64669869980477,-3.0841670373850027e-26,81.25000000000003,20.749999999999982,-7.876488126244767e-27,Mild,Slightly Weak
Mild,100.0,-2.4045441716019713e-26,81.25000000000003,20.749999999999982,-6.140835884398874e-27,Mild,Slightly Weak
Severe,0.0,5.0,40.0,50.0,6.25,Severe,Damaged
Severe,4.019315355854288e-05,4.999839232555167,40.00010047965302,50.00006028779181,6.249790877005157,Severe,Damaged
Severe,8.038630711708576e-05,4.999678470279567,40.00020095607527,50.00012057364516,6.249581761300333,Severe,Damaged
Severe,0.00019007897062982033,4.999239753507216,40.00047515405799,50.000285092434794,6.249011091945388,Severe,Damaged
Severe,0.0002997716341425549,4.998801070954382,40.000749330653505,50.0004495983921,6.248440471316532,Severe,Damaged
Severe,0.0004094642976552894,4.998362425470024,40.00102348408123,50.000614090448735,6.247869903118464,Severe,Damaged
Severe,0.000519156961168024,4.997923818001569,40.00129761374901,50.00077856824941,6.247299388582382,Severe,Damaged
Severe,0.0007401968362848106,4.997040104087864,40.00184993494508,50.00110996096705,6.246149918821312,Severe,Damaged
Severe,0.0011377258016356045,4.995451182519992,40.002843010925,50.001705806555,6.244083210064728,Severe,Damaged
Severe,0.001851273787979953,4.99260040110632,40.00462474930854,50.00277484958513,6.240375339973229,Severe,Damaged
Severe,0.0032946442146759582,4.986838789494483,40.008225756565935,50.00493545393957,6.232882040437623,Severe,Damaged
Severe,0.004738014641371963,4.981083826110536,40.0118226086809,50.00709356520855,6.225398112567222,Severe,Damaged
Severe,0.006181385068067968,4.975335503847011,40.015415310095605,50.009249186057374,6.217923544413389,Severe,Damaged
Severe,0.007624755494763973,4.969593815228187,40.01900386548237,50.01140231928944,6.210458323556616,Severe,Damaged
Severe,0.010696217032458693,4.957397662993151,40.02662646062927,50.015975876377574,6.194603538865862,Severe,Damaged
Severe,0.013767678570153413,4.9452314445212915,40.03423034717418,50.02053820830452,6.1787909065434645,Severe,Damaged
Severe,0.016839140107848132,4.9330950880130064,40.04181556999186,50.025089341995134,6.1630203075843735,Severe,Damaged
Severe,0.019910601645542852,4.920988518192335,40.04938217612978,50.02962930567789,6.147291618630683,Severe,Damaged
Severe,0.02298206318323757,4.908911660388617,40.05693021225711,50.03415812735428,6.131604717276653,Severe,Damaged
Severe,0.029525954885061052,4.883280104253145,40.07294993484178,50.04376996090508,6.0983218502572125,Severe,Damaged
Severe,0.03843006967276741,4.848618682261849,40.09461332358634,50.05676799415181,6.053336354969045,Severe,Damaged
Severe,0.047334184460473765,4.8142032874808995,40.116122945324435,50.06967376719467,6.008696014359453,Severe,Damaged
Severe,0.05623829924818012,4.780032167546617,40.13747989528336,50.08248793717003,5.964397964072728,Severe,Damaged
Severe,0.06514241403588647,4.7461035890122645,40.15868525686733,50.09521115412041,5.920439375196938,Severe,Damaged
Severe,0.07404652882359283,4.712415833413656,40.179740104116455,50.107844062469894,5.876817448951441,Severe,Damaged
Severe,0.0829506436112992,4.678967193293518,40.20064550419154,50.12038730251494,5.833529411341939,Severe,Damaged
Severe,0.09185475839900556,4.645755971602566,40.22140251774839,50.132841510649044,5.790572512202414,Severe,Damaged
Severe,0.10924080017769373,4.581586225335322,40.26150860916541,50.15690516549926,5.707639722158563,Severe,Damaged
Severe,0.1266268419563819,4.518302827818763,40.30106073261326,50.18063643956797,5.625939054829022,Severe,Damaged
Severe,0.1440128837350701,4.4558935341525,40.34006654115468,50.204039924692815,5.545450864850493,Severe,Damaged
Severe,0.16139892551375828,4.39434627060141,40.378533580874105,50.22712014852448,5.466155863873735,Severe,Damaged
Severe,0.19009105064236725,4.294628582832585,40.44085713572962,50.26451428143778,5.337854709922551,Severe,Damaged
Severe,0.21878317577097622,4.197173712243525,40.501766429847784,50.30105985790868,5.212668600498761,Severe,Damaged
Severe,0.2474753008995852,4.101930313864667,40.561293553834574,50.336776132300756,5.0905168407723025,Severe,Damaged
Severe,0.27616742602819416,4.008848205782872,40.6194698713857,50.371681922831435,4.971321076764204,Severe,Damaged
Severe,0.30485955115680313,3.91787834286353,40.67632603571028,50.405795621426186,4.855005214743765,Severe,Damaged
Severe,0.3335516762854121,3.8289727926462382,40.73189200459609,50.43913520275767,4.741495346058854,Severe,Damaged
Severe,0.36224380141402107,3.742084710892132,40.786197055692405,50.47171823341546,4.630719674006961,Severe,Damaged
Severe,0.39093592654263004,3.6571683167521405,40.8392698020299,50.503561881217955,4.522608442571641,Severe,Damaged
Severe,0.4275279450714706,3.55166158876557,40.905211507021505,50.54312690421292,4.388489285062929,Severe,Damaged
Severe,0.46411996360031127,3.4491986561074417,40.96925083993283,50.58155050395972,4.258457561348334,Severe,Damaged
Severe,0.5007119821291519,3.34969171023259,41.031442681104615,50.61886560866279,4.132381983946137,Severe,Damaged
Severe,0.5373040006579926,3.253055472655446,41.09184032959033,50.65510419775422,4.0101358957577515,Severe,Damaged
Severe,0.5738960191868332,3.1592071229499306,41.15049554815628,50.690297328893784,3.8915970817043073,Severe,Damaged
Severe,0.6104880377156738,3.068066230993614,41.20745860562897,50.7244751633774,3.776647592442739,Severe,Damaged
Severe,0.6470800562445145,2.9795546888445865,41.26277831947211,50.75766699168328,3.665173573843266,Severe,Damaged
Severe,0.7157565471206859,2.8202701098670193,41.36233118133309,50.817398708799864,3.464959216425964,Severe,Damaged
Severe,0.7844330379968574,2.6695007635301673,41.45656202279363,50.873937213676186,3.2759111612059018,Severe,Damaged
Severe,0.8347420507545985,2.5641941728230537,41.522378641985576,50.91342718519135,3.144133779819402,Severe,Damaged
Severe,0.8850510635123396,2.4630417176747894,41.58559892645324,50.95135935587195,3.0177591980266705,Severe,Damaged
Severe,0.9353600762700808,2.3658795288036334,41.64632529449771,50.98779517669863,2.8965576188140094,Severe,Damaged
Severe,1.0113680969751027,2.2263053859693005,41.73355913376916,51.040135480261505,2.7227710954650712,Severe,Damaged
Severe,1.0637443850864998,2.13494824657226,41.79065734589231,51.074394407535394,2.6092240637087176,Severe,Damaged
Severe,1.116120673197897,2.047339972291303,41.84541251731791,51.107247510390756,2.5004870165518134,Severe,Damaged
Severe,1.1684969613092941,1.9633267299255517,41.8979207937965,51.13875247627791,2.3963499326340956,Severe,Damaged
Severe,1.251756588990045,1.8368141826206537,41.97699113586206,51.18619468151724,2.23978722155408,Severe,Damaged
Severe,1.306217203954877,1.7585052520240427,42.02593421748494,51.215560530490976,2.143029866085711,Severe,Damaged
Severe,1.3606778189197088,1.683534863644604,42.07279071022209,51.24367442613326,2.0505060629764285,Severe,Damaged
Severe,1.4151384338845407,1.6117606880982809,42.11764956993854,51.270589741963136,1.9620259403243745,Severe,Damaged
Severe,1.4695990488493726,1.5430464637620787,42.16059596014867,51.296357576089214,1.8774085460385048,Severe,Damaged
Severe,1.5240596638142045,1.477261735431212,42.20171141535546,51.32102684921329,1.7964813900839778,Severe,Damaged
Severe,1.5785202787790364,1.4142816084461804,42.241073994721106,51.34464439683267,1.7190800184608117,Severe,Damaged
Severe,1.6329808937438683,1.353986513723216,42.278758428922956,51.36725505735379,1.6450476120665374,Severe,Damaged
Severe,1.6874415087087002,1.2962619807465772,42.31483626203336,51.388901757220026,1.5742346057468661,Severe,Damaged
Severe,1.7419021236735321,1.2409984191556467,42.349375988027695,51.409625592816624,1.5064983273450208,Severe,Damaged
Severe,1.796362738638364,1.1880909102336743,42.38244318110392,51.42946590866236,1.4417026574696596,Severe,Damaged
Severe,1.850823353603196,1.1374390080825458,42.41410061994838,51.448460371969034,1.3797177089107837,Severe,Damaged
Severe,1.9052839685680278,1.0889465493065758,42.444408406683365,51.46664504401002,1.3204195235346063,Severe,Damaged
Severe,1.9597445835328597,1.0425214704187091,42.47342408098829,51.48405444859297,1.2636897850411108,Severe,Damaged
Severe,2.0142051984976916,0.9980756328515255,42.50120272946778,51.50072163768067,1.2094155468499153,Severe,Damaged
Severe,2.0686658134625233,0.9555246555526375,42.527797090279584,51.51667825416776,1.1574889745530923,Severe,Damaged
Severe,2.123126428427355,0.9147877548602726,42.55325765321231,51.531954591927395,1.1078071020762885,Severe,Damaged
Severe,2.1775870433921867,0.8757875912021199,42.577632755498655,51.546579653299204,1.060271600549259,Severe,Damaged
Severe,2.2320476583570183,0.8384501222556459,42.6009686735902,51.56058120415413,1.014788559045033,Severe,Damaged
Severe,2.28650827332185,0.8027044623393436,42.62330971103789,51.573985826622746,0.9712682765443573,Severe,Damaged
Severe,2.3409688882866817,0.7684827478240808,42.64469828260993,51.58681896956597,0.9296250645394228,Severe,Damaged
Severe,2.3954295032515134,0.735720008307915,42.665174994807536,51.59910499688453,0.8897770596653827,Severe,Damaged
Severe,2.449890118216345,0.7043540432807966,42.68477872294948,51.6108672337697,0.8516460457551637,Severe,Damaged
Severe,2.5043507331811767,0.6743253040334685,42.70354668497907,51.622128010987446,0.8151572847720435,Severe,Damaged
Severe,2.5588113481460084,0.6455767805962965,42.72151451212729,51.63290870727638,0.7802393561352742,Severe,Damaged
Severe,2.61327196311084,0.6180538935034023,42.73871631656035,51.643229789936214,0.7468240039861306,Severe,Damaged
Severe,2.6677325780756718,0.5917043901757323,42.755184756140146,51.65311085368409,0.714845991958189,Severe,Damaged
Severe,2.7221931930405034,0.5664782457208911,42.77095109642442,51.66257065785465,0.6842429650375405,Severe,Damaged
Severe,2.776653808005335,0.5423275679595725,42.78604527002525,51.67162716201515,0.6549553181284924,Severe,Damaged
Severe,2.831114422970167,0.5192065065002872,42.800495933437304,51.680297560062385,0.6269260709685514,Severe,Damaged
Severe,2.8855750379349985,0.4970711656915394,42.81433052144277,51.688598312865665,0.6001007490580765,Severe,Damaged
Severe,2.94003565289983,0.4758795212859044,42.8275752991963,51.696545179517784,0.5744272702878352,Severe,Damaged
Severe,2.994496267864662,0.45559134065677603,42.840255412089505,51.70415324725371,0.5498558369657206,Severe,Damaged
Severe,3.0489568828294935,0.4361681064160326,42.85239493348997,51.711436960093984,0.5263388329623827,Severe,Damaged
Severe,3.103417497794325,0.4175729432880082,42.86401691044498,51.71841014626699,0.5038307257127502,Severe,Damaged
Severe,3.157878112759157,0.39977054810125023,42.87514340743671,51.725086044462024,0.4822879728255854,Severe,Damaged
Severe,3.2123387277239885,0.38272712276507626,42.885795548271815,51.731477328963095,0.4616689330670156,Severe,Damaged
Severe,3.26679934268882,0.3664103101034974,42.895993556185296,51.737596133711186,0.44193378149715645,Severe,Damaged
Severe,3.321259957653652,0.35078913242464604,42.90575679223458,51.74345407534075,0.42304442855156477,Severe,Damaged
Severe,3.3757205726184836,0.33583393270916084,42.915103792056755,51.74906227523405,0.40496444287104016,Severe,Damaged
Severe,3.4301811875833152,0.3215163183059275,42.92405230105878,51.75443138063526,0.3876589776941485,Severe,Damaged
Severe,3.484641802548147,0.30780910702826375,42.93261930810732,51.75957158486439,0.37109470063695876,Severe,Damaged
Severe,3.5391024175129786,0.2946862755481765,42.940821077782374,51.764492646669424,0.3552397266940144,Severe,Damaged
Severe,3.5935630324778103,0.2821229099907112,42.94867318125579,51.769203908753475,0.3400635543035647,Severe,Damaged
Severe,3.648023647442642,0.2700951586346118,42.95619052585335,51.77371431551201,0.32553700432851623,Severe,Damaged
Severe,3.7024842624074736,0.258580186629502,42.96338738335655,51.77803243001392,0.3116321618124562,Severe,Damaged
Severe,3.7569448773723053,0.24755613264361362,42.970277417097726,51.78216645025863,0.29832232037750983,Severe,Damaged
Severe,3.811405492337137,0.23700206735975105,42.97687370790014,51.78612422474007,0.2855819291377666,Severe,Damaged
Severe,3.8658661073019687,0.22689795374069507,42.983188778912044,51.78991326734722,0.27338654200858925,Severe,Damaged
Severe,3.9203267222668003,0.21722460898861246,42.989234619382096,51.793540771629246,0.26171276929830195,Severe,Damaged
Severe,3.974787337231632,0.20796366812625203,42.99502270742107,51.79701362445263,0.25053823147457854,Severe,Damaged
Severe,4.029247952196464,0.1990975491307851,43.00056403179324,51.800338419075935,0.2398415150033364,Severe,Damaged
Severe,4.083708567161295,0.19060941955409505,43.005869112778676,51.80352146766719,0.22960213016311612,Severe,Damaged
Severe,4.138169182126127,0.18248316456614422,43.010948022146145,51.80656881328767,0.2198004707428145,Severe,Damaged
Severe,4.192629797090959,0.1747033563607485,43.01581040227452,51.809486241364695,0.21041777553524443,Severe,Damaged
Severe,4.24709041205579,0.1672552248656764,43.02046548445894,51.81227929067535,0.20143609154335312,Severe,Damaged
Severe,4.301551027020622,0.16012462970146524,43.02492210643657,51.81495326386193,0.19283823882003967,Severe,Damaged
Severe,4.356011641985454,0.15329803333571732,43.029188729165156,51.817513237499085,0.18460777686640403,Severe,Damaged
Severe,4.410472256950285,0.1467624753819097,43.03327345288629,51.81996407173177,0.17672897251693706,Severe,Damaged
Severe,4.464932871915117,0.14050554799392312,43.03718403250379,51.822310419502266,0.16918676924364168,Severe,Damaged
Severe,4.519393486879949,0.13451537230957647,43.0409278923065,51.824556735383894,0.16196675781436914,Severe,Damaged
Severe,4.5738541018447805,0.1287805758984446,43.04451214006345,51.826707284038065,0.1550551482437756,Severe,Damaged
Severe,4.628314716809612,0.12329027117114381,43.047943580518016,51.828766148310805,0.14843874297825738,Severe,Damaged
Severe,4.682775331774444,0.11803403470909439,43.051228728306796,51.83073723698407,0.1421049112590274,Severe,Damaged
Severe,4.7372359467392755,0.11300188747551805,43.05437382032778,51.832624292196655,0.13604156461014855,Severe,Damaged
Severe,4.791696561704107,0.10818427587010014,43.05738482758117,51.83443089654868,0.13023713340086027,Severe,Damaged
Severe,4.846157176668939,0.10357205359134888,43.06026746650539,51.836160479903214,0.12468054443392446,Severe,Damaged
Severe,4.9006177916337705,0.09915646427221693,43.06302720982984,51.83781632589789,0.11936119951398437,Severe,Damaged
Severe,4.955078406598602,0.09492912485601883,43.06566929696496,51.839401578178965,0.11426895495208432,Severe,Damaged
Severe,5.009539021563434,0.09088200968108333,43.068198743949296,51.840919246369566,0.1093941019645436,Severe,Damaged
Severe,5.063999636528266,0.08700743524392494,43.07062035297252,51.8423722117835,0.10472734792632032,Severe,Damaged
Severe,5.118460251493097,0.08329804561200757,43.07293872149246,51.84376323289547,0.10025979844084837,Severe,Damaged
Severe,5.172920866457929,0.079746798458406,43.07515825096346,51.845094950578066,0.09598294019008498,Severe,Damaged
Severe,5.227381481422761,0.07634695169185199,43.07728315519255,51.84636989311553,0.09188862453017638,Severe,Damaged
Severe,5.281842096387592,0.07309205065678182,43.07931746833947,51.84759048100368,0.08796905179973537,Severe,Damaged
Severe,5.336302711352424,0.06997591587908444,43.08126505257553,51.84875903154531,0.08421675630923543,Severe,Damaged
Severe,5.390763326317256,0.06699263133428547,43.08312960541603,51.849877763249616,0.0806245919814628,Severe,Damaged
Severe,5.445223941282087,0.06413653321589377,43.084914666740026,51.85094880004401,0.07718571861433499,Severe,Damaged
Severe,5.499684556246919,0.061402199182587436,43.086623625510846,51.8519741753065,0.0738935887386976,Severe,Damaged
Severe,5.554145171211751,0.058784438063824676,43.088259726210076,51.852955835726036,0.07074193504494966,Severe,Damaged
Severe,5.608605786176582,0.05627828000433555,43.08982607499726,51.85389564499834,0.0677247583535297,Severe,Damaged
Severe,5.663066401141414,0.053878967028783836,43.09132564560698,51.85479538736417,0.06483631610541908,Severe,Damaged
Severe,5.717527016106246,0.05158194400868575,43.09276128499454,51.8556567709967,0.06207111134989123,Severe,Damaged
Severe,5.771987631071077,0.049382850014436326,43.094135718740944,51.856481431244546,0.05942388220775692,Severe,Damaged
Severe,5.826448246035909,0.04727751003602487,43.09545155622745,51.85727093373645,0.05688959178932907,Severe,Damaged
Severe,5.880908861000741,0.04526192705672144,43.096711295589515,51.858026777353686,0.054463418547259314,Severe,Damaged
Severe,5.963003359391565,0.04238483465254853,43.09850947834212,51.859105687005254,0.051000362805523856,Severe,Damaged
Severe,6.045097857782389,0.03969062621033172,43.10019335861851,51.86011601517109,0.04775756950452274,Severe,Damaged
Severe,6.127192356173214,0.037167676396386184,43.101770202252226,51.86106212135132,0.044721021096218116,Severe,Damaged
Severe,6.209286854564038,0.03480509872698218,43.1032468132956,51.861948087977346,0.041877592915318125,Severe,Damaged
Severe,6.291381352954862,0.03259269901955059,43.104629563112745,51.86277773786763,0.039214996678099336,Severe,Damaged
Severe,6.373475851345686,0.03052093132000657,43.10592441792496,51.86355465075496,0.036721727022025405,Severe,Damaged
Severe,6.455570349736511,0.0285808564154733,43.10713696474029,51.86428217884416,0.03438701121017644,Severe,Damaged
Severe,6.537664848127335,0.026764103173627624,43.10827243551645,51.86496346130985,0.0322007622841148,Severe,Damaged
Severe,6.619759346518159,0.02506283253840448,43.109335729663464,51.86560143779806,0.030153535454379668,Severe,Damaged
Severe,6.7018538449089835,0.023469703801712812,43.110331435123896,51.866198861074324,0.028236487265750253,Severe,Damaged
Severe,6.783948343299808,0.021977842911674355,43.11126384818017,51.86675830890809,0.026441337244606927,Severe,Damaged
Severe,6.866042841690632,0.02058081275654179,43.112136992027125,51.86728219521626,0.0247603319512524,Severe,Damaged
Severe,6.948137340081456,0.01927258537596744,43.11295463413998,51.867772780483975,0.023186211375584558,Severe,Damaged
Severe,7.030231838472281,0.018047515974318105,43.11372030251601,51.86823218150959,0.021712177522309684,Severe,Damaged
Severe,7.112326336863105,0.016900318580907934,43.11443730088689,51.868662380532115,0.020331864996380577,Severe,Damaged
Severe,7.194420835253929,0.015826043237073435,43.11510872297679,51.86906523378605,0.019039313441856595,Severe,Damaged
Severe,7.2765153336447534,0.014820054627427574,43.115737465857826,51.86944247951467,0.01782894173268725,Severe,Damaged
Severe,7.358609832035578,0.013878012077359518,43.11632624245162,51.86979574547094,0.016695523819862577,Severe,Damaged
Severe,7.440704330426402,0.012995850828336552,43.11687759323226,51.87012655593932,0.01563416612694918,Severe,Damaged
Severe,7.522798828817226,0.012169764502023823,43.117393897186204,51.870436338311684,0.014640286385575518,Severe,Damaged
Severe,7.604893327208051,0.011396188675244891,43.117877382077936,51.87072642924673,0.013709593815845205,Severe,Damaged
Severe,7.686987825598875,0.010671785498141509,43.118330134063626,51.87099808043815,0.012838070569241146,Severe,Damaged
Severe,7.769082323989699,0.0099934292916888,43.11875410669266,51.87125246401557,0.012021954356283665,Severe,Damaged
Severe,7.851176822380523,0.009358193061818981,43.11915112933633,51.87149067760178,0.01125772218264011,Severe,Damaged
Severe,7.933271320771348,0.008763335870420979,43.11952291508095,51.87171374904855,0.0105420751211109,Severe,Damaged
Severe,8.015365819162172,0.008206291008390534,43.11987106811972,51.871922640871816,0.009871924052909228,Severe,Damaged
Severe,8.097460317552995,0.007684654920350716,43.12019709067474,51.872118254404825,0.009244376317077,Severe,Damaged
Severe,8.179554815943819,0.007196176833696221,43.1205023894789,51.87230143368732,0.008656723210597059,Severe,Damaged
Severe,8.261649314334642,0.006738749047062774,43.12078828184554,51.87247296910731,0.008106428284766055,Severe,Damaged
Severe,8.343743812725466,0.006310397836029863,43.12105600135244,51.87263360081145,0.007591116386701289,Severe,Damaged
Severe,8.425838311116289,0.0059092749367732535,43.12130670316448,51.87278402189867,0.007108563398399125,Severe,Damaged
Severe,8.507932809507112,0.005533649571050203,43.121541469018055,51.87292488141081,0.006656686629010594,Severe,Damaged
Severe,8.590027307897936,0.005181900978182432,43.1217613118886,51.87305678713313,0.006233535818780437,Severe,Damaged
Severe,8.672121806288759,0.004852511421778922,43.121967180361345,51.87318030821678,0.005837284715625306,Severe,Damaged
Severe,8.754216304679582,0.004544059640970408,43.122159962724346,51.873295977634584,0.005466223187795763,Severe,Damaged
Severe,8.836310803070406,0.0042552147178943674,43.122340490801264,51.873404294480736,0.005118749838456596,Severe,Damaged
Severe,8.91840530146123,0.00398473033499514,43.12250954354057,51.87350572612432,0.004793365090237288,Severe,Damaged
Severe,9.000499799852053,0.0037314393973732394,43.12266785037659,51.87360071022593,0.004488664709830913,Severe,Damaged
Severe,9.082594298242876,0.0034942489969725056,43.12281609437684,51.87368965662608,0.004203333744605903,Severe,Damaged
Severe,9.20612990179709,0.0031654336975485524,43.12302160393898,51.87381296236337,0.003807783162309691,Severe,Damaged
Severe,9.329665505351302,0.0028675609289185882,43.12320777441937,51.8739246646516,0.003449456737452182,Severe,Damaged
Severe,9.453201108905516,0.0025977187097095196,43.12337642580638,51.874025855483794,0.0031248510362955843,Severe,Damaged
Severe,9.576736712459729,0.002353268979427715,43.1235292068878,51.87411752413265,0.0028307922345379623,Severe,Damaged
Severe,9.700272316013942,0.0021318222050628797,43.12366761112178,51.87420056667304,0.0025644055518459254,Severe,Damaged
Severe,9.823807919568155,0.0019312139255171586,43.1237929912965,51.874275794777866,0.0023230870209216443,Severe,Damaged
Severe,9.947343523122369,0.001749483307155314,43.123906572932974,51.874343943759754,0.0021044776786573183,Severe,Damaged
Severe,10.070879126676582,0.001584853899129182,43.12400946631299,51.87440567978776,0.0019064404057986051,Severe,Damaged
Severe,10.194414730230795,0.0014357163849764468,43.12410267725934,51.874461606355574,0.0017270391698921152,Severe,Damaged
Severe,10.317950333785008,0.0013006129416414402,43.12418711691142,51.87451227014682,0.0015645202034065098,Severe,Damaged
Severe,10.441485937339221,0.0011782229678332925,43.12426361064505,51.874558166387004,0.0014172948303459048,Severe,Damaged
Severe,10.565021540893435,0.001067350120578486,43.12433290617459,51.87459974370473,0.0012839238675730618,Severe,Damaged
Severe,10.688557144447648,0.0009669106098619966,43.12439568086878,51.874637408521245,0.001163103540377142,Severe,Damaged
Severe,10.812092748001861,0.0008759226283324429,43.12445254835724,51.874671529014314,0.0010536527641394316,Severe,Damaged
Severe,10.935628351556074,0.0007934967697468582,43.12450406451886,51.87470243871129,0.0009545016159516529,Severe,Damaged
Severe,11.059163955110288,0.0007188273292326432,43.12455073291918,51.87473043975148,0.00086468086746247,Severe,Damaged
Severe,11.1826995586645,0.0006511844170805632,43.12459300973928,51.87475580584354,0.0007833124967230622,Severe,Damaged
Severe,11.306235162218714,0.0005899068227620915,43.12463130823573,51.87477878494141,0.0007096011028079689,Severe,Damaged
Severe,11.429770765772927,0.0005343955564596589,43.12466600277716,51.874799601666275,0.0006428261356871843,Severe,Damaged
Severe,11.55330636932714,0.00048410799663860363,43.124697432502046,51.874818459501206,0.0005823348553280123,Severe,Damaged
Severe,11.676841972881354,0.0004385525845347077,43.124725904634616,51.87483554278075,0.0005275359488639553,Severe,Damaged
Severe,11.800377576435567,0.00039728401721053066,43.12475169748919,51.874851018493494,0.00047789374764156114,Severe,Damaged
Severe,11.92391317998978,0.0003598988946358138,43.1247750631908,51.87486503791446,0.0004329229905355028,Severe,Damaged
Severe,12.047448783543993,0.0003260317774363601,43.124796230139054,51.874877738083406,0.00039218408135737793,Severe,Damaged
Severe,12.170984387098207,0.0002953516151810878,43.12481540524046,51.87488924314425,0.0003552787920673828,Severe,Damaged
Severe,12.29451999065242,0.0002675585100510726,43.12483277593117,51.87489966555868,0.0003218463694846425,Severe,Damaged
Severe,12.480901207884479,0.00023049620143933132,43.12485593987405,51.87491356392441,0.0002772640108792243,Severe,Damaged
Severe,12.667282425116538,0.0001985681569661328,43.12487589490185,51.874925536941085,0.0002388576927555518,Severe,Damaged
Severe,12.853663642348597,0.00017106294600150745,43.124893085658705,51.87493585139519,0.00020577162551458963,Severe,Damaged
Severe,13.040044859580656,0.0001473675977233666,43.124907895251376,51.8749447371508,0.0001772684594832049,Severe,Damaged
Severe,13.226426076812714,0.0001269543258179808,43.12492065354631,51.87495239212777,0.00015271331536330287,Severe,Damaged
Severe,13.412807294044773,0.00010936865439904557,43.12493164459095,51.87495898675455,0.00013155950038702574,Severe,Damaged
Severe,13.599188511276832,9.421900521401809e-05,43.12494111312169,51.874964667872995,0.00011333598238890511,Severe,Damaged
Severe,13.785569728508891,8.11679094195557e-05,43.12494927005656,51.87496956203392,9.763681817191052e-05,Severe,Damaged
Severe,13.97195094574095,6.992461602509896e-05,43.124956297114935,51.874973778268945,8.411226199898091e-05,Severe,Damaged
Severe,14.158332162973009,6.023870388698466e-05,43.12496235081002,51.874977410486,7.246108130957218e-05,Severe,Damaged
Severe,14.344713380205068,5.189447615894899e-05,43.12496756595235,51.874980539571396,6.24238136930708e-05,Severe,Damaged
Severe,14.531094597437127,4.4706099524462715e-05,43.124972058687746,51.87498323521263,5.377691978993527e-05,Severe,Damaged
Severe,14.717475814669186,3.851345706454765e-05,43.12497592908928,51.874985557453556,4.632779464679944e-05,Severe,Damaged
Severe,14.903857031901245,3.317860847981716e-05,43.12497926336965,51.87498755802178,3.9910509674028455e-05,Severe,Damaged
Severe,15.090238249133304,2.8582732889786794e-05,43.124982135791896,51.87498928147512,3.4382135107306043e-05,Severe,Damaged
Severe,15.276619466365362,2.4623474690364867e-05,43.124984610328276,51.87499076619695,2.961954731662543e-05,Severe,Damaged
Severe,15.463000683597421,2.1212652763063376e-05,43.12498674209198,51.874992045255176,2.5516673197458066e-05,Severe,Damaged
Severe,15.64938190082948,1.827429593828768e-05,43.12498857856499,51.87499314713898,2.198212701762083e-05,Severe,Damaged
Severe,15.931863137627507,1.4578173554585146e-05,43.12499088864148,51.874994533184875,1.7536065697978117e-05,Severe,Damaged
Severe,16.214344374425536,1.1629955208781254e-05,43.12499273127794,51.874995638766755,1.3989657447455348e-05,Severe,Damaged
Severe,16.496825611223564,9.278153649555215e-06,43.12499420115391,51.87499652069234,1.1160678330624501e-05,Severe,Damaged
Severe,16.77930684802159,7.401854342859972e-06,43.124995373840974,51.87499722430458,8.903680340415282e-06,Severe,Damaged
Severe,17.061788084819618,5.904855888186286e-06,43.12499630946501,51.874997785679,7.102942894795976e-06,Severe,Damaged
Severe,17.344269321617645,4.71059297306107e-06,43.124997055879334,51.87499823352759,5.666365654234777e-06,Severe,Damaged
Severe,17.626750558415672,3.757925859044669e-06,43.124997651296276,51.87499859077776,4.520403692968776e-06,Severe,Damaged
Severe,17.9092317952137,2.997957701741268e-06,43.124998126276374,51.87499887576581,3.60623905309025e-06,Severe,Damaged
Severe,18.191713032011727,2.3916602147401173e-06,43.124998505212304,51.874999103127365,2.8769246561164188e-06,Severe,Damaged
Severe,18.474194268809754,1.9079532528839374e-06,43.12499880752915,51.87499928451748,2.295074234552027e-06,Severe,Damaged
Severe,18.75667550560778,1.5220742486126473e-06,43.12499904870353,51.87499942922211,1.8309009279940715e-06,Severe,Damaged
Severe,19.193330733857444,1.0735812482562179e-06,43.12499932901166,51.87499959740698,1.2914093376833761e-06,Severe,Damaged
Severe,19.629985962107106,7.576866249120046e-07,43.1249995264458,51.87499971586747,9.114201480262878e-07,Severe,Damaged
Severe,20.06664119035677,5.349853906764192e-07,43.124999665634064,51.87499979938043,6.435331536043195e-07,Severe,Damaged
Severe,20.503296418606432,3.7764349806527693e-07,43.124999763972745,51.87499985838364,4.542668177594225e-07,Severe,Damaged
Severe,20.939951646856095,2.6640415821063385e-07,43.124999833497334,51.87499990009839,3.2045717643871073e-07,Severe,Damaged
Severe,21.376606875105757,1.8790742883672268e-07,43.12499988255779,51.87499992953467,2.260335741266067e-07,Severe,Damaged
Severe,22.042898234742584,1.108363299724786e-07,43.12499993072722,51.87499995843633,1.333248607988718e-07,Severe,Damaged
Severe,22.70918959437941,6.631416826449691e-08,43.12499995855357,51.87499997513214,7.976921693629763e-08,Severe,Damaged
Severe,23.375480954016236,4.0102947911782903e-08,43.124999974935584,51.87499998496135,4.823977793692164e-08,Severe,Damaged
Severe,24.041772313653063,2.3995295513034928e-08,43.124999985002866,51.874999991001715,2.8863906201870056e-08,Severe,Damaged
Severe,24.70806367328989,1.404115549843384e-08,43.1249999912242,51.87499999473452,1.6890085601288028e-08,Severe,Damaged
Severe,25.374355032926715,8.230586920595375e-09,43.124999994855806,51.87499999691349,9.900561078989255e-09,Severe,Damaged
Severe,26.04064639256354,4.994245119503522e-09,43.12499999687852,51.874999998127116,6.007570216432326e-09,Severe,Damaged
Severe,26.706937752200368,3.070840777754408e-09,43.124999998080646,51.874999998848395,3.693909921149297e-09,Severe,Damaged
Severe,27.95090828013513,1.2597027893518384e-09,43.12499999921261,51.87499999952757,1.5152946596689765e-09,Severe,Damaged
Severe,28.706937752200368,6.808288674585731e-10,43.124999999574406,51.874999999744645,8.189680579614649e-10,Severe,Damaged
Severe,29.95090828013513,1.0777598698398558e-10,43.12499999993256,51.87499999995954,1.2964357854605528e-10,Severe,Damaged
Severe,30.706937752200368,2.5814926009545405e-11,43.124999999983785,51.87499999999028,3.1052737083951784e-11,Severe,Damaged
Severe,31.85077658643364,5.874682173194498e-11,43.1249999999632,51.87499999997793,7.06664667210655e-11,Severe,Damaged
Severe,32.70693775220037,6.591054514790859e-11,43.124999999958725,51.874999999975245,7.928369923592809e-11,Severe,Damaged
Severe,33.85077658643364,2.2421280007846843e-11,43.1249999999859,51.87499999999155,2.6970525226834687e-11,Severe,Damaged
Severe,34.70693775220037,-4.691695065569316e-12,43.12500000000285,51.87500000000172,-5.643633194815079e-12,Severe,Damaged
Severe,35.85077658643364,-1.2366763974889302e-11,43.125000000007645,51.8750000000046,-1.4875962462546684e-11,Severe,Damaged
Severe,36.70693775220037,-7.744395801944406e-12,43.12500000000476,51.87500000000286,-9.31572248639638e-12,Severe,Damaged
Severe,37.85077658643364,-1.3410852892246025e-12,43.12500000000076,51.87500000000046,-1.613189550806392e-12,Severe,Damaged
Severe,38.70693775220037,4.1006330516863105e-13,43.124999999999666,51.8749999999998,4.93264555492703e-13,Severe,Damaged
Severe,39.85077658643364,5.54820485657799e-13,43.124999999999574,51.874999999999744,6.673927581101094e-13,Severe,Damaged
Severe,40.70693775220037,3.6447204974718175e-13,43.124999999999694,51.874999999999815,4.3842290042052453e-13,Severe,Damaged
Severe,41.85077658643364,1.8043170714946157e-13,43.12499999999981,51.87499999999988,2.1704103903486003e-13,Severe,Damaged
Severe,42.70693775220037,9.405768919299847e-14,43.124999999999865,51.874999999999915,1.1314185801476645e-13,Severe,Damaged
Severe,43.85077658643364,4.911446419818637e-14,43.12499999999989,51.87499999999993,5.907971780361555e-14,Severe,Damaged
Severe,44.70693775220037,2.923650939670372e-14,43.12499999999991,51.874999999999936,3.5168554781542187e-14,Severe,Damaged
Severe,45.85077658643364,1.5266540210677007e-14,43.124999999999915,51.874999999999936,1.836409909400279e-14,Severe,Damaged
Severe,46.70693775220037,9.087757621112523e-15,43.12499999999992,51.87499999999994,1.0931650471773044e-14,Severe,Damaged
Severe,47.85077658643364,4.74538924141344e-15,43.12499999999993,51.87499999999994,5.708221841120518e-15,Severe,Damaged
Severe,48.70693775220037,2.824801601979205e-15,43.12499999999993,51.87499999999994,3.3979497531054223e-15,Severe,Damaged
Severe,49.85077658643364,1.4750374833961027e-15,43.12499999999993,51.87499999999994,1.7743204510416898e-15,Severe,Damaged
Severe,50.70693775220037,8.780498361891205e-16,43.12499999999993,51.87499999999994,1.0562048754158991e-15,Severe,Damaged
Severe,51.85077658643364,4.584946495928443e-16,43.12499999999993,51.87499999999994,5.515225495102333e-16,Severe,Damaged
Severe,52.70693775220037,2.729294384042965e-16,43.12499999999993,51.87499999999994,3.283064259066177e-16,Severe,Damaged
Severe,53.85077658643364,1.425166113211333e-16,43.12499999999993,51.87499999999994,1.7143302521237783e-16,Severe,Damaged
Severe,54.70693775220037,8.483627611729362e-17,43.12499999999993,51.87499999999994,1.0204943359036775e-16,Severe,Damaged
Severe,55.85077658643364,4.4299283580507854e-17,43.12499999999993,51.87499999999994,5.328754401713267e-17,Severe,Damaged
Severe,56.70693775220037,2.6370162879932067e-17,43.12499999999993,51.87499999999994,3.172063071064294e-17,Severe,Damaged
Severe,57.85077658643364,1.3769809059831686e-17,43.12499999999993,51.87499999999994,1.656368336182653e-17,Severe,Damaged
Severe,58.70693775220037,8.196794132650464e-18,43.12499999999993,51.87499999999994,9.859911782753463e-18,Severe,Damaged
Severe,59.85077658643364,4.2801514204995436e-18,43.12499999999993,51.87499999999994,5.148587940600903e-18,Severe,Damaged
Severe,60.70693775220037,2.5478581364464503e-18,43.12499999999993,51.87499999999994,3.064814859783413e-18,Severe,Damaged
Severe,61.85077658643364,1.330424852138668e-18,43.12499999999993,51.87499999999994,1.600366126485645e-18,Severe,Damaged
Severe,62.70693775220037,7.919658562117994e-19,43.12499999999993,51.87499999999994,9.526545806605707e-19,Severe,Damaged
Severe,63.85077658643364,4.1354384770378364e-19,43.12499999999993,51.87499999999994,4.974512950639719e-19,Severe,Damaged
Severe,64.70693775220036,2.461714443332678e-19,43.12499999999993,51.87499999999994,2.961192736182788e-19,Severe,Damaged
Severe,65.85077658643364,1.2854428696121899e-19,43.12499999999993,51.87499999999994,1.5462573648958235e-19,Severe,Damaged
Severe,66.70693775220036,7.651893011524011e-20,43.12499999999993,51.87499999999994,9.204451013862222e-20,Severe,Damaged
Severe,67.85077658643364,3.995618312814047e-20,43.12499999999993,51.87499999999994,4.806323477732842e-20,Severe,Damaged
Severe,68.70693775220036,2.3784832890911097e-20,43.12499999999993,51.87499999999994,2.861074101370467e-20,Severe,Damaged
Severe,69.85077658643364,1.2419817386759085e-20,43.12499999999993,51.87499999999994,1.493978033479717e-20,Severe,Damaged
Severe,70.70693775220036,7.393180678252759e-21,43.12499999999993,51.87499999999994,8.893246323115643e-21,Severe,Damaged
Severe,71.85077658643364,3.860525501791643e-21,43.12499999999993,51.87499999999994,4.643820531140674e-21,Severe,Damaged
Severe,72.70693775220036,2.2980662000857207e-21,43.12499999999993,51.87499999999994,2.7643405015523904e-21,Severe,Damaged
Severe,73.85077658643364,1.1999900389737281e-21,43.12499999999993,51.87499999999994,1.4434662787654998e-21,Severe,Damaged
Severe,74.70693775220036,7.143215470860799e-22,43.12499999999993,51.87499999999994,8.592563537412271e-22,Severe,Damaged
Severe,75.85077658643364,3.730000211027972e-22,43.12499999999993,51.87499999999994,4.486811848048143e-22,Severe,Damaged
Severe,76.70693775220036,2.220368032097672e-22,43.12499999999993,51.87499999999994,2.670877487885607e-22,Severe,Damaged
Severe,77.85077658643364,1.159418088684094e-22,43.12499999999993,51.87499999999994,1.394662338562027e-22,Severe,Damaged
Severe,78.70693775220036,6.901701646929588e-23,43.12499999999993,51.87499999999994,8.30204690862545e-23,Severe,Damaged
Severe,79.85077658643364,3.6038880115704024e-23,43.12499999999993,51.87499999999994,4.335111666091936e-23,Severe,Damaged
Severe,80.70693775220036,2.1452968577569227e-23,43.12499999999993,51.87499999999994,2.580574481069923e-23,Severe,Damaged
Severe,81.85077658643364,1.1202178857397233e-23,43.12499999999993,51.87499999999994,1.3475084712521316e-23,Severe,Damaged
Severe,82.70693775220036,6.668353463162503e-24,43.12499999999993,51.87499999999994,8.021352716557798e-24,Severe,Damaged
Severe,83.85077658643364,3.482039686833023e-24,43.12499999999993,51.87499999999994,4.188540492857117e-24,Severe,Damaged
Severe,84.70693775220036,2.0727638495264692e-24,43.12499999999993,51.87499999999994,2.4933246305898123e-24,Severe,Damaged
Severe,85.85077658643364,1.0823430439545188e-24,43.12499999999993,51.87499999999994,1.3019488789597843e-24,Severe,Damaged
Severe,86.70693775220036,6.442894786003473e-25,43.12499999999993,51.87499999999994,7.750148800554906e-25,Severe,Damaged
Severe,87.85077658643364,3.364311065225689e-25,43.12499999999993,51.87499999999994,4.0469249045468456e-25,Severe,Damaged
Severe,88.70693775220036,2.002683191961016e-25,43.12499999999993,51.87499999999994,2.409024709170499e-25,Severe,Damaged
Severe,89.85077658643364,1.0457487583830797e-25,43.12499999999993,51.87499999999994,1.2579296658810966e-25,Severe,Damaged
Severe,90.70693775220036,6.22505892239011e-26,43.12499999999993,51.87499999999994,7.488114355918543e-26,Severe,Damaged
Severe,91.85077658643364,3.250562877384797e-26,43.12499999999993,51.87499999999994,3.910097374245483e-26,Severe,Damaged
Severe,92.70693775220036,1.9349719787323732e-26,43.12499999999993,51.87499999999994,2.3275749889099575e-26,Severe,Damaged
Severe,93.85077658643364,1.0103917346427797e-26,43.12499999999993,51.87499999999994,1.215398753265953e-26,Severe,Damaged
Severe,94.70693775220036,6.01458814311419e-27,43.12499999999993,51.87499999999994,7.234939360557653e-27,Severe,Damaged
Severe,95.85077658643364,3.1406605438618432e-27,43.12499999999993,51.87499999999994,3.777896016529466e-27,Severe,Damaged
Severe,96.70693775220036,1.869550098342443e-27,43.12499999999993,51.87499999999994,2.2488791038032298e-27,Severe,Damaged
Severe,97.85077658643364,9.762301406056e-28,43.12499999999993,51.87499999999994,1.1743058213081861e-27,Severe,Damaged
Severe,98.70693775220036,5.811233432855654e-28,43.12499999999993,51.87499999999994,6.990324274304632e-28,Severe,Damaged
Severe,99.85077658643364,3.034474035372709e-28,43.12499999999993,51.87499999999994,3.650164419361376e-28,Severe,Damaged
Severe,100.0,2.710855541318094e-28,43.12499999999993,51.87499999999994,3.2608842018753906e-28,Severe,Damaged
Recovery,0.0,1.0,90.0,15.0,0.16666666666666666,Recovery,Partially Restored
Recovery,5.199140860492206e-05,0.9999584086030323,90.0000259946231,15.000015596773864,0.1666598599212268,Recovery,Partially Restored
Recovery,0.00010398281720984411,0.9999168189359089,90.00005198816505,15.000031192899035,0.16665305344840622,Recovery,Partially Restored
Recovery,0.0002458789597864561,0.9998033200536672,90.00012292496646,15.000073754979876,0.16663447841934542,Recovery,Partially Restored
Recovery,0.00038777510236306803,0.9996898326230415,90.0001938546106,15.00011631276636,0.1666159051863793,Recovery,Partially Restored
Recovery,0.00052967124493968,0.9995763575971774,90.00026477650177,15.00015886590106,0.1665973339055235,Recovery,Partially Restored
Recovery,0.0006715673875162919,0.9994628952928278,90.00033569044199,15.000201414265192,0.16657876462864374,Recovery,Partially Restored
Recovery,0.0009575967013057788,0.9992342210127324,90.00047861186705,15.000287167120227,0.16654133948603592,Recovery,Partially Restored
Recovery,0.0014726133307972527,0.9988226081205098,90.0007358699247,15.00044152195481,0.16647397356364116,Recovery,Partially Restored
Recovery,0.00240348546051354,0.998079064136756,90.00120058491454,15.000720350948718,0.16635228010237885,Recovery,Partially Restored
Recovery,0.004418521254376109,0.9964714274701011,90.0022053578312,15.001323214698715,0.16608915190754842,Recovery,Partially Restored
Recovery,0.006433557048238677,0.994866379852942,90.00320851259193,15.00192510755515,0.16582643184870766,Recovery,Partially Restored
Recovery,0.008448592842101246,0.9932639173958597,90.0042100516276,15.002526030976558,0.16556411936523255,Recovery,Partially Restored
Recovery,0.010463628635963815,0.991664036028521,90.00520997748218,15.00312598648931,0.16530221386660418,Recovery,Partially Restored
Recovery,0.01435983383121154,0.9885778631377213,90.00713883553894,15.004283301323362,0.164796954062032,Recovery,Partially Restored
Recovery,0.018256039026459264,0.9855012960445242,90.00906168997219,15.005437013983311,0.16429320945407133,Recovery,Partially Restored
Recovery,0.022152244221706988,0.9824343052297874,90.01097855923139,15.006587135538838,0.1637909757493837,Recovery,Partially Restored
Recovery,0.02604844941695471,0.9793768600546996,90.01288946246582,15.007733677479496,0.16329024846731538,Recovery,Partially Restored
Recovery,0.029944654612202436,0.9763289302113441,90.01479441861791,15.008876651170755,0.162791023177416,Recovery,Partially Restored
Recovery,0.037292360142402434,0.9706067433419171,90.01837078541129,15.01102247124679,0.16185362507594303,Recovery,Partially Restored
Recovery,0.049725936012338864,0.9610001150999526,90.02437492806251,15.014624956837526,0.1602794390211938,Recovery,Partially Restored
Recovery,0.062159511882275295,0.9514885712016482,90.03031964299895,15.01819178579939,0.158720283355273,Recovery,Partially Restored
Recovery,0.07459308775221173,0.9420711657051376,90.03620552143427,15.021723312860582,0.15717601947227391,Recovery,Partially Restored
Recovery,0.08702666362214816,0.9327469661009701,90.04203314618687,15.025219887712144,0.15564651058589477,Recovery,Partially Restored
Recovery,0.09946023949208459,0.9235150517815968,90.04780309263649,15.028681855581908,0.15413162148762985,Recovery,Partially Restored
Recovery,0.11189381536202102,0.9143745109180256,90.05351593067621,15.032109558405748,0.15263121804277366,Recovery,Partially Restored
Recovery,0.12432739123195745,0.9053244394966447,90.05917222531458,15.035503335188768,0.15114516704000444,Recovery,Partially Restored
Recovery,0.1367609671018939,0.896363941833806,90.06477253635386,15.038863521812331,0.1496733362832969,Recovery,Partially Restored
Recovery,0.15689042255645944,0.8820448911188767,90.07372194305069,15.04423316583043,0.147320314054655,Recovery,Partially Restored
Recovery,0.17701987801102498,0.867954581316921,90.0825283866769,15.049517032006165,0.1450036703950761,Recovery,Partially Restored
Recovery,0.19714933346559052,0.8540893582158406,90.09119415111508,15.054716490669069,0.14272286283684285,Recovery,Partially Restored
Recovery,0.23179029279726984,0.8307451374587262,90.10578428908828,15.063470573452987,0.1388801510455761,Recovery,Partially Restored
Recovery,0.26643125212894914,0.8080389661144566,90.11997564617845,15.071985387707088,0.13513931181906033,Recovery,Partially Restored
Recovery,0.30107221146062846,0.7859534061072234,90.13377912118297,15.080267472709801,0.13149773260088155,Recovery,Partially Restored
Recovery,0.3357131707923078,0.7644714955297753,90.14720531529387,15.088323189176343,0.12795286279950083,Recovery,Partially Restored
Recovery,0.3703541301239871,0.7435767352458484,90.16026454047132,15.096158724282814,0.12450221254526797,Recovery,Partially Restored
Recovery,0.4049950894556664,0.7232530768027469,90.17296682699825,15.103780096198978,0.12114335160875886,Recovery,Partially Restored
Recovery,0.43963604878734575,0.7034849105179717,90.18532193092624,15.11119315855577,0.1178739082963898,Recovery,Partially Restored
Recovery,0.47427700811902507,0.684257053519185,90.19733934155047,15.118403604930315,0.11469156828950887,Recovery,Partially Restored
Recovery,0.5199681874931172,0.6596970448849875,90.21268934694685,15.127613608168138,0.11062348396565339,Recovery,Partially Restored
Recovery,0.5656593668672094,0.636018567390013,90.2274883953812,15.136493037228753,0.10669797849919929,Recovery,Partially Restored
Recovery,0.6113505462413016,0.6131899823068737,90.24175626105816,15.14505375663493,0.10291017850098222,Recovery,Partially Restored
Recovery,0.6570417256153938,0.5911807846695294,90.2555120095815,15.153307205748932,0.09925536784149065,Recovery,Partially Restored
Recovery,0.7027329049894859,0.5699615627349701,90.2687740232906,15.161264413974392,0.09572898327163885,Recovery,Partially Restored
Recovery,0.7484240843635781,0.5495039608134409,90.28156002449155,15.168936014694966,0.09232661043007356,Recovery,Partially Restored
Recovery,0.7941152637376703,0.5297806421916015,90.29388709863021,15.176332259178157,0.08904397970593618,Recovery,Partially Restored
Recovery,0.8859422804325626,0.49225724094749523,90.31733922440777,15.190403534644696,0.08279236519871369,Recovery,Partially Restored
Recovery,0.977769297127455,0.4573915612928779,90.3391302741919,15.203478164515179,0.07697597479235838,Recovery,Partially Restored
Recovery,1.036354895387843,0.43644892546227504,90.35221942158603,15.211331652951655,0.07347876341369569,Recovery,Partially Restored
Recovery,1.094940493648231,0.41646518975769964,90.36470925640138,15.21882555384087,0.07013922939967494,Recovery,Partially Restored
Recovery,1.153526091908619,0.3973964515597735,90.37662721777508,15.225976330665093,0.0669503736929603,Recovery,Partially Restored
Recovery,1.212111690169007,0.37920081694010943,90.38799948941237,15.232799693647468,0.06390549764067714,Recovery,Partially Restored
Recovery,1.270697288429395,0.36183830825458957,90.39885105734082,15.239310634404537,0.06099819095511985,Recovery,Partially Restored
Recovery,1.329282886689783,0.34527077821208824,90.40920576361738,15.245523458170474,0.058222320439534785,Recovery,Partially Restored
Recovery,1.387868484950171,0.3294618270781092,90.41908635807611,15.251451814845716,0.05557201894978016,Recovery,Partially Restored
Recovery,1.446454083210559,0.3143767221769004,90.42851454863937,15.257108729183669,0.053041674477550135,Recovery,Partially Restored
Recovery,1.505039681470947,0.2999823208538217,90.4375110494663,15.262506629679823,0.05062591957350437,Recovery,Partially Restored
Recovery,1.563625279731335,0.28624699762592176,90.44609562648374,15.267657375890286,0.04831962125460913,Recovery,Partially Restored
Recovery,1.622210877991723,0.2731405750565761,90.45428714058959,15.27257228435379,0.0461178713382355,Recovery,Partially Restored
Recovery,1.680796476252111,0.2606342576201363,90.46210358898736,15.277262153392455,0.04401597709808707,Recovery,Partially Restored
Recovery,1.739382074512499,0.24870056832377488,90.46956214479758,15.28173728687859,0.04200945221928298,Recovery,Partially Restored
Recovery,1.797967672772887,0.23731328820729794,90.47667919487039,15.286007516922268,0.04009400808786496,Recovery,Partially Restored
Recovery,1.856553271033275,0.2264473987410503,90.4834703757868,15.290082225472112,0.0382655454318368,Recovery,Partially Restored
Recovery,1.915138869293663,0.2160790269268313,90.48995060817067,15.293970364902446,0.03652014629343296,Recovery,Partially Restored
Recovery,1.973724467554051,0.20618539287470627,90.49613412945325,15.297680477671992,0.03485406630573359,Recovery,Partially Restored
Recovery,2.032310065814439,0.19674475973098948,90.50203452516807,15.301220715100886,0.03326372726290677,Recovery,Partially Restored
Recovery,2.090895664074827,0.18773638589761601,90.50766475881393,15.304598855288402,0.03174570998336173,Recovery,Partially Restored
Recovery,2.1494812623352146,0.17914047946373543,90.5130372003351,15.307822320201106,0.0302967474609983,Recovery,Partially Restored
Recovery,2.2080668605956024,0.17093815473460838,90.51816365329081,15.310898191974529,0.028913718292940954,Recovery,Partially Restored
Recovery,2.26665245885599,0.16311139074298386,90.52305538078558,15.313833228471388,0.027593640371448208,Recovery,Partially Restored
Recovery,2.325238057116378,0.155642991651284,90.52772313021788,15.316633878130776,0.02633366483094431,Recovery,Partially Restored
Recovery,2.3838236553767658,0.14851654896721142,90.53217715689543,15.319306294137304,0.025131070242948018,Recovery,Partially Restored
Recovery,2.4424092536371536,0.1417164054940405,90.53642724656616,15.321856347939743,0.023983257050917275,Recovery,Partially Restored
Recovery,2.5009948518975413,0.13522762093327878,90.54048273691664,15.324289642150028,0.02288774223594343,Recovery,Partially Restored
Recovery,2.559580450157929,0.1290359390606513,90.54435253808704,15.326611522852264,0.021842154204340217,Recovery,Partially Restored
Recovery,2.618166048418317,0.12312775640342641,90.5480451522478,15.328827091348723,0.02084422788896592,Recovery,Partially Restored
Recovery,2.6767516466787047,0.11749009235208939,90.55156869227989,15.330941215367973,0.019891800056596964,Recovery,Partially Restored
Recovery,2.7353372449390925,0.11211056064139073,90.55493089959907,15.332958539759487,0.018982804813682946,Recovery,Partially Restored
Recovery,2.7939228431994803,0.10697734213747112,90.55813916116402,15.334883496698456,0.018115269302796083,Recovery,Partially Restored
Recovery,2.852508441459868,0.10207915887065556,90.56120052570579,15.336720315423511,0.01728730958230333,Recovery,Partially Restored
Recovery,2.911094039720256,0.09740524925693247,90.56412171921436,15.338473031528657,0.016497126682119678,Recovery,Partially Restored
Recovery,2.9696796379806436,0.0929453444540215,90.56690915971618,15.340145495829749,0.015743002828663283,Recovery,Partially Restored
Recovery,3.0282652362410314,0.08868964580019183,90.56956897137482,15.341741382824935,0.015023297832309804,Recovery,Partially Restored
Recovery,3.086850834501419,0.08462880328613354,90.57210699794611,15.343264198767708,0.01433644563081803,Recovery,Partially Restored
Recovery,3.145436432761807,0.0807538950124741,90.57452881561714,15.34471728937033,0.013680950982416265,Recovery,Partially Restored
Recovery,3.2040220310221947,0.0770564075878271,90.57683974525754,15.346103847154573,0.013055386302472303,Recovery,Partially Restored
Recovery,3.2626076292825825,0.0735282174243708,90.5790448641097,15.34742691846587,0.012458388637886099,Recovery,Partially Restored
Recovery,3.3211932275429703,0.07016157288987836,90.58114901694377,15.348689410166305,0.011888656773541796,Recovery,Partially Restored
Recovery,3.379778825803358,0.06694907727696096,90.58315682670185,15.349894096021147,0.01134494846535041,Recovery,Partially Restored
Recovery,3.438364424063746,0.06388367255208707,90.58507270465489,15.351043622792975,0.010826077794613469,Recovery,Partially Restored
Recovery,3.4969500223241337,0.06095862384867876,90.58690086009452,15.352140516056753,0.010330912638635425,Recovery,Partially Restored
Recovery,3.5555356205845214,0.05816750467022738,90.58864530958105,15.353187185748672,0.009858372252702818,Recovery,Partially Restored
Recovery,3.6141212188449092,0.05550418277092137,90.59030988576812,15.354185931460911,0.009407424958730617,Recovery,Partially Restored
Recovery,3.672706817105297,0.052962806682760065,90.59189824582322,15.355138947493971,0.008977085936054315,Recovery,Partially Restored
Recovery,3.731292415365685,0.0505377928595495,90.59341387946272,15.356048327677675,0.008566415110020893,Recovery,Partially Restored
Recovery,3.7898780136260726,0.04822381340953603,90.59486011661897,15.35691606997143,0.008174515134201919,Recovery,Partially Restored
Recovery,3.8484636118864604,0.0460157843897279,90.59624013475636,15.357744080853857,0.007800529462216313,Recovery,Partially Restored
Recovery,3.907049210146848,0.04390885463618701,90.59755696585232,15.358534179511434,0.007443640505309214,Recovery,Partially Restored
Recovery,3.965634808407236,0.041898395105749386,90.59881350305884,15.359288101835348,0.007103067871987152,Recovery,Partially Restored
Recovery,4.024220406667624,0.039979988705757,90.60001250705884,15.360007504235346,0.006778066686158864,Recovery,Partially Restored
Recovery,4.0828060049280115,0.03814942058945652,90.60115661213153,15.360693967278959,0.006467925980375251,Recovery,Partially Restored
Recovery,4.141391603188399,0.03640266889574385,90.6022483319401,15.3613489991641,0.0061719671609010585,Recovery,Partially Restored
Recovery,4.199977201448787,0.034735895912909195,90.60329006505437,15.361974039032663,0.005889542541485098,Recovery,Partially Restored
Recovery,4.258562799709175,0.033145439646968644,90.60428410022058,15.36257046013239,0.005620033942825247,Recovery,Partially Restored
Recovery,4.317148397969563,0.03162780577605747,90.6052326213899,15.363139572833983,0.005362851354849288,Recovery,Partially Restored
Recovery,4.37573399622995,0.030179659973208414,90.60613771251668,15.363682627510052,0.0051174316590529316,Recovery,Partially Restored
Recovery,4.434319594490338,0.028797820580647775,90.60700136213703,15.364200817282262,0.0048832374082521,Recovery,Partially Restored
Recovery,4.522448327189822,0.02683740798303951,90.60822662001053,15.364935972006364,0.004550967066636611,Recovery,Partially Restored
Recovery,4.610577059889305,0.025010450966143752,90.60936846814609,15.365621080887701,0.0042412955647405095,Recovery,Partially Restored
Recovery,4.698705792588789,0.023307864298592412,90.61043258481331,15.366259550888033,0.003952687148401012,Recovery,Partially Restored
Recovery,4.786834525288272,0.021721181112687598,90.6114242618045,15.366854557082748,0.0036837102350616544,Recovery,Partially Restored
Recovery,4.874963257987756,0.020242511214720534,90.61234843049073,15.367409058294486,0.003433030437814461,Recovery,Partially Restored
Recovery,4.963091990687239,0.018864501761093885,90.61320968639924,15.367925811839596,0.003199403978130162,Recovery,Partially Restored
Recovery,5.051220723386723,0.017580300402137393,90.61401231224859,15.368407387349205,0.002981671506179461,Recovery,Partially Restored
Recovery,5.139349456086206,0.016383521121292776,90.6147602992991,15.368856179579522,0.0027787523687815762,Recovery,Partially Restored
Recovery,5.22747818878569,0.015268212593743814,90.61545736712883,15.369274420277351,0.002589639296413327,Recovery,Partially Restored
Recovery,5.315606921485173,0.014228828685719773,90.61610698207134,15.369664189242862,0.0024133934461458124,Recovery,Partially Restored
Recovery,5.403735654184657,0.013260200856755723,90.61671237446444,15.370027424678723,0.002249139761138772,Recovery,Partially Restored
Recovery,5.49186438688414,0.012357512403157902,90.61727655474795,15.370365932848822,0.002096062637034781,Recovery,Partially Restored
Recovery,5.579993119583624,0.011516274492836698,90.6178023284419,15.370681397065193,0.00195340188751171,Recovery,Partially Restored
Recovery,5.668121852283107,0.010732303866376844,90.61829231008343,15.370975386050116,0.0018204489883918568,Recovery,Partially Restored
Recovery,5.756250584982591,0.010001702051015185,90.61874893621804,15.371249361730877,0.001696543574841211,Recovery,Partially Restored
Recovery,5.844379317682074,0.009320835969644174,90.6191744775189,15.37150468651139,0.0015810701721315453,Recovery,Partially Restored
Recovery,5.932508050381558,0.00868631986415753,90.61957105008483,15.371742630050948,0.0014734551466849355,Recovery,Partially Restored
Recovery,6.020636783081041,0.008094998457235617,90.61994062596416,15.371964375578544,0.0013731638648782796,Recovery,Partially Restored
Recovery,6.108765515780525,0.007543931266584179,90.62028504295833,15.372171025775039,0.001279698045328924,Recovery,Partially Restored
Recovery,6.1968942484800085,0.00703037798552083,90.620606013759,15.372363608255437,0.0011925932903217584,Recovery,Partially Restored
Recovery,6.285022981179492,0.006551784854999113,90.62090513446557,15.372543080679382,0.001111416783901786,Recovery,Partially Restored
Recovery,6.3731517138789755,0.006105771962536084,90.62118389252336,15.372710335514055,0.0010357651458856568,Recovery,Partially Restored
Recovery,6.461280446578459,0.005690121407361296,90.62144367412034,15.372866204472245,0.0009652624316726613,Recovery,Partially Restored
Recovery,6.5494091792779425,0.005302766272307257,90.62168577107975,15.373011462647892,0.0008995582679166795,Recovery,Partially Restored
Recovery,6.637537911977426,0.0049417803460712045,90.62191138728365,15.37314683237023,0.0008383261146281058,Recovery,Partially Restored
Recovery,6.7256666446769096,0.00460536854442612,90.62212164465967,15.373272986795845,0.0007812616450967583,Recovery,Partially Restored
Recovery,6.813795377376393,0.004291857983402182,90.62231758876031,15.373390553256229,0.0007280812357654364,Recovery,Partially Restored
Recovery,6.901924110075877,0.003999689660480446,90.62250019396213,15.373500116377325,0.000678520558683131,Recovery,Partially Restored
Recovery,6.99005284277536,0.0037274107022761305,90.622670368311,15.373602220986653,0.0006323332695687121,Recovery,Partially Restored
Recovery,7.078181575474844,0.003473667139875178,90.62282895803752,15.373697374822553,0.0005892897849617391,Recovery,Partially Restored
Recovery,7.166310308174327,0.0032371971758586022,90.62297675176502,15.37378605105906,0.0005491761424154879,Recovery,Partially Restored
Recovery,7.254439040873811,0.0030168249096637306,90.6231144844314,15.373868690658883,0.000511792938123385,Recovery,Partially Restored
Recovery,7.342567773573294,0.002811454490154521,90.62324284094359,15.3739457045662,0.00047695433674070897,Recovery,Partially Restored
Recovery,7.430696506272778,0.002620064666287329,90.62336245958352,15.37401747575015,0.00044448714849949967,Recovery,Partially Restored
Recovery,7.518825238972261,0.0024417037087210887,90.623473935182,15.374084361109237,0.0004142299690426883,Recovery,Partially Restored
Recovery,7.606953971671745,0.002275484677114866,90.62357782207677,15.374146693246088,0.0003860323777205286,Recovery,Partially Restored
Recovery,7.739290692501974,0.002046894626660287,90.6237206908583,15.374232414515008,0.0003472538258018319,Recovery,Partially Restored
Recovery,7.871627413332204,0.0018412686137523361,90.62384920711636,15.374309524269849,0.0003123706820315544,Recovery,Partially Restored
Recovery,8.003964134162434,0.0016562994912079675,90.62396481281796,15.374378887690803,0.00028099163374629857,Recovery,Partially Restored
Recovery,8.136300854992664,0.0014899117846349044,90.62406880513457,15.374441283080767,0.0002527646523915684,Recovery,Partially Restored
Recovery,8.268637575822893,0.0013402387966807326,90.62416235075203,15.37449741045125,0.00022737311302478737,Recovery,Partially Restored
Recovery,8.400974296653123,0.0012056015633769013,90.62424649902285,15.374547899413738,0.00020453222729908288,Recovery,Partially Restored
Recovery,8.533311017483353,0.0010844897324236353,90.6243221939172,15.374593316350344,0.00018398580191411514,Recovery,Partially Restored
Recovery,8.665647738313583,0.0009755445440150603,90.62439028465995,15.374634170795998,0.00016550335328530618,Recovery,Partially Restored
Recovery,8.797984459143812,0.0008775437045098498,90.62445153518465,15.374670921110814,0.00014887754294979922,Recovery,Partially Restored
Recovery,8.930321179974042,0.0007893877628894777,90.62450663264816,15.374703979588922,0.00013392186761062428,Recovery,Partially Restored
Recovery,9.062657900804272,0.0007100877538191835,90.62455619515383,15.374733717092322,0.0001204685638098823,Recovery,Partially Restored
Recovery,9.194994621634502,0.0006387540481299366,90.62460077871988,15.374760467231956,0.00010836671723886463,Recovery,Partially Restored
Recovery,9.327331342464731,0.000574586361776652,90.62464088352385,15.374784530114338,9.748056842081737e-05,Recovery,Partially Restored
Recovery,9.459668063294961,0.0005168648016987478,90.62467695949891,15.374806175699367,8.768799417305504e-05,Recovery,Partially Restored
Recovery,9.59200478412519,0.00046494180493737643,90.62470941137188,15.374825646823153,7.887914050441544e-05,Recovery,Partially Restored
Recovery,9.72434150495542,0.00041823486772473865,90.62473860320765,15.374843161924607,7.095518944634552e-05,Recovery,Partially Restored
Recovery,9.85667822578565,0.00037622000004850013,90.62476486249994,15.374858917499987,6.382724889232847e-05,Recovery,Partially Restored
Recovery,9.98901494661588,0.0003384258459632604,90.62478848384625,15.37487309030777,5.741535532623779e-05,Recovery,Partially Restored
Recovery,10.12135166744611,0.0003044284005067594,90.62480973224966,15.374885839349815,5.164757772044924e-05,Recovery,Partially Restored
Recovery,10.25368838827634,0.0002738462555477598,90.62482884609025,15.374897307654175,4.6459211131675135e-05,Recovery,Partially Restored
Recovery,10.38602510910657,0.00024633631940791,90.62484603980033,15.374907623880226,4.179205064403566e-05,Recovery,Partially Restored
Recovery,10.518361829936799,0.00022158996583402366,90.62486150627132,15.374916903762815,3.759373812858177e-05,Recovery,Partially Restored
Recovery,10.650698550767029,0.00019932957154402854,90.62487541901774,15.374925251410675,3.381717490606369e-05,Recovery,Partially Restored
Recovery,10.783035271597258,0.00017930540264210354,90.62488793412331,15.374932760474014,3.041999358074826e-05,Recovery,Partially Restored
Recovery,10.915371992427488,0.0001612928133616529,90.62489919199162,15.374939515194995,2.7364082848990256e-05,Recovery,Partially Restored
Recovery,11.117406347604232,0.0001372214022247942,90.62491423662358,15.374948541974172,2.3280264768638472e-05,Recovery,Partially Restored
Recovery,11.319440702780977,0.00011674279606364799,90.62492703575244,15.374956221451484,1.98059787451229e-05,Recovery,Partially Restored
Recovery,11.521475057957721,9.932057553772141e-05,90.62493792464026,15.374962754784182,1.685022009003773e-05,Recovery,Partially Restored
Recovery,11.723509413134465,8.449828401541014e-05,90.62494718857246,15.374968313143503,1.433554975263755e-05,Recovery,Partially Restored
Recovery,11.92554376831121,7.188786199314643e-05,90.62495507008623,15.37497304205176,1.2196132283216942e-05,Recovery,Partially Restored
Recovery,12.127578123487954,6.11593688173137e-05,90.62496177539447,15.3749770652367,1.0375992160096642e-05,Recovery,Partially Restored
Recovery,12.329612478664698,5.203204882475065e-05,90.62496747996947,15.374980487981698,8.82749817931876e-06,Recovery,Partially Restored
Recovery,12.531646833841442,4.4266912580248666e-05,90.62497233317961,15.37498339990779,7.510104870258926e-06,Recovery,Partially Restored
Recovery,12.733681189018187,3.766060795551755e-05,90.62497646212,15.374985877272024,6.389312726471029e-06,Recovery,Partially Restored
Recovery,12.935715544194931,3.204018667399757e-05,90.6249799748833,15.374987984930005,5.43578034758359e-06,Recovery,Partially Restored
Recovery,13.137749899371675,2.7258547914585802e-05,90.62498296340753,15.37498977804454,4.624551440967639e-06,Recovery,Partially Restored
Recovery,13.33978425454842,2.3190529144294306e-05,90.62498550591927,15.37499130355158,3.93439162420606e-06,Recovery,Partially Restored
Recovery,13.541818609725164,1.972962127739791e-05,90.62498766898669,15.37499260139203,3.3472311441987468e-06,Recovery,Partially Restored
Recovery,13.743852964901908,1.6785207763969077e-05,90.62498950924513,15.374993705547098,2.8476964810130825e-06,Recovery,Partially Restored
Recovery,13.945887320078652,1.4280207862307858e-05,90.62499107487007,15.37499464492206,2.4227105217584927e-06,Recovery,Partially Restored
Recovery,14.147921675255397,1.2149050688229725e-05,90.62499240684329,15.374995444106,2.0611488511158194e-06,Recovery,Partially Restored
Recovery,14.453416657674191,9.51509914104161e-06,90.624994053063,15.37499643183783,1.614285516603059e-06,Recovery,Partially Restored
Recovery,14.758911640092986,7.452561118207325e-06,90.62499534214928,15.374997205289588,1.2643653765948982e-06,Recovery,Partially Restored
Recovery,15.06440662251178,5.837305238343459e-06,90.6249963516842,15.374997811010543,9.903289255146342e-07,Recovery,Partially Restored
Recovery,15.369901604930575,4.572051537249196e-06,90.62499714246776,15.37499828548068,7.756721297968973e-07,Recovery,Partially Restored
Recovery,15.67539658734937,3.5808969065256325e-06,90.62499776193941,15.374998657163667,6.075176440158281e-07,Recovery,Partially Restored
Recovery,15.980891569768165,2.804584078922323e-06,90.62499824713493,15.374998948280979,4.758121721139954e-07,Recovery,Partially Restored
Recovery,16.286386552186958,2.1966308995996805e-06,90.62499862710565,15.37499917626342,3.7266977968039833e-07,Recovery,Partially Restored
Recovery,16.59188153460575,1.7204982029120691e-06,90.6249989246886,15.374999354813182,2.918914104673596e-07,Recovery,Partially Restored
Recovery,16.897376517024544,1.3475490675761493e-06,90.62499915778182,15.374999494669108,2.2861866400631083e-07,Recovery,Partially Restored
Recovery,17.202871499443336,1.0554162521688405e-06,90.62499934036482,15.374999604218914,1.7905682292407515e-07,Recovery,Partially Restored
Recovery,17.50836648186213,8.266146648015176e-07,90.62499948336581,15.374999690019509,1.402394514487328e-07,Recovery,Partially Restored
Recovery,17.99399034885864,5.60778297547223e-07,90.62499964951354,15.374999789708147,9.513893782296669e-08,Recovery,Partially Restored
Recovery,18.479614215855154,3.809161460530649e-07,90.62499976192738,15.374999857156453,6.462439400319733e-08,Recovery,Partially Restored
Recovery,18.965238082851666,2.5901800205063913e-07,90.62499983811372,15.374999902868257,4.394374359706037e-08,Recovery,Partially Restored
Recovery,19.45086194984818,1.7603201197079329e-07,90.62499988997996,15.374999933988004,2.986474124928488e-08,Recovery,Partially Restored
Recovery,19.93648581684469,1.1944633737522758e-07,90.624999925346,15.374999955207631,2.026468891924612e-08,Recovery,Partially Restored
Recovery,20.422109683841203,8.102134024308171e-08,90.62499994936162,15.374999969617004,1.3745689428654011e-08,Recovery,Partially Restored
Recovery,21.259379777232745,4.228819635792363e-08,90.62499997356984,15.374999984141933,7.174411238864415e-09,Recovery,Partially Restored
Recovery,22.096649870624287,2.380189077333845e-08,90.62499998512378,15.374999991074297,4.038113881243607e-09,Recovery,Partially Restored
Recovery,22.93391996401583,1.4376859229239678e-08,90.62499999101443,15.374999994608684,2.4391085306920455e-09,Recovery,Partially Restored
Recovery,23.77119005740737,8.239251756939094e-09,90.62499999485044,15.374999996910288,1.3978316771826745e-09,Recovery,Partially Restored
Recovery,24.608460150798912,4.061975709533072e-09,90.62499999746125,15.374999998476767,6.891351892925042e-10,Recovery,Partially Restored
Recovery,25.445730244190454,1.9442834933773642e-09,90.6249999987848,15.374999999270901,3.298577512790096e-10,Recovery,Partially Restored
Recovery,26.283000337581996,1.2410532152027208e-09,90.62499999922431,15.374999999534614,2.1055109719533888e-10,Recovery,Partially Restored
Recovery,27.120270430973537,8.804413366450018e-10,90.6249999994497,15.374999999669843,1.4937142676643772e-10,Recovery,Partially Restored
Recovery,28.283000337581996,4.882942337594257e-10,90.6249999996948,15.374999999816897,8.284164241640877e-11,Recovery,Partially Restored
Recovery,29.120270430973537,2.4916354875989237e-10,90.62499999984425,15.37499999990657,4.2271884823907855e-11,Recovery,Partially Restored
Recovery,30.283000337581996,2.6301715166848214e-11,90.62499999998353,15.374999999990145,4.462222021408062e-12,Recovery,Partially Restored
Recovery,31.120270430973537,-1.9868038324874846e-11,90.62500000001239,15.375000000007459,-3.3707154675316656e-12,Recovery,Partially Restored
Recovery,32.283000337581996,7.53195934982776e-12,90.62499999999527,15.374999999997183,1.2778358621085422e-12,Recovery,Partially Restored
Recovery,33.120270430973534,2.1972191344102127e-11,90.62499999998624,15.374999999991768,3.727695910791069e-12,Recovery,Partially Restored
Recovery,34.283000337581996,1.1603625669994362e-11,90.62499999999272,15.374999999995657,1.968615113667611e-12,Recovery,Partially Restored
Recovery,35.120270430973534,4.727727888163152e-13,90.62499999999967,15.374999999999831,8.020834899918116e-14,Recovery,Partially Restored
Recovery,36.283000337581996,-6.001251729871638e-12,90.62500000000371,15.375000000002258,-1.0181433969300548e-12,Recovery,Partially Restored
Recovery,37.120270430973534,-4.765259736874103e-12,90.62500000000293,15.375000000001794,-8.084509622559505e-13,Recovery,Partially Restored
Recovery,38.283000337581996,-1.5810228014297406e-12,90.62500000000094,15.3750000000006,-2.682286959667085e-13,Recovery,Partially Restored
Recovery,39.120270430973534,-3.49641727797057e-13,90.62500000000017,15.375000000000139,-5.931852761246665e-14,Recovery,Partially Restored
Recovery,40.283000337581996,1.6948070162230818e-13,90.62499999999984,15.374999999999945,2.875327765454327e-14,Recovery,Partially Restored
Recovery,41.120270430973534,1.6573054796878688e-13,90.62499999999986,15.374999999999947,2.8117044689876892e-14,Recovery,Partially Restored
Recovery,42.283000337581996,1.1313982283671041e-13,90.62499999999989,15.374999999999966,1.9194756150228093e-14,Recovery,Partially Restored
Recovery,43.120270430973534,6.921625535149641e-14,90.62499999999991,15.374999999999984,1.174289573549525e-14,Recovery,Partially Restored
Recovery,44.283000337581996,3.5859927512163896e-14,90.62499999999994,15.374999999999996,6.083822184822291e-15,Recovery,Partially Restored
Recovery,45.120270430973534,2.153208787054613e-14,90.62499999999996,15.375000000000002,3.653030080106449e-15,Recovery,Partially Restored
Recovery,46.283000337581996,1.1155459178262679e-14,90.62499999999997,15.375000000000005,1.8925813502431867e-15,Recovery,Partially Restored
Recovery,47.120270430973534,6.698293720133117e-15,90.62499999999997,15.375000000000007,1.1364001759674125e-15,Recovery,Partially Restored
Recovery,48.283000337581996,3.470287814549171e-15,90.62499999999997,15.375000000000007,5.887522775028253e-16,Recovery,Partially Restored
Recovery,49.120270430973534,2.083733775884724e-15,90.62499999999997,15.375000000000007,3.535162130121672e-16,Recovery,Partially Restored
Recovery,50.283000337581996,1.0795519326783993e-15,90.62499999999997,15.375000000000007,1.8315156926819754e-16,Recovery,Partially Restored
Recovery,51.120270430973534,6.482167892566707e-16,90.62499999999997,15.375000000000007,1.0997333114285594e-16,Recovery,Partially Restored
Recovery,52.283000337581996,3.358316190558015e-16,90.62499999999997,15.375000000000007,5.697557123291534e-17,Recovery,Partially Restored
Recovery,53.120270430973534,2.016500431758958e-16,90.62499999999997,15.375000000000007,3.4210972842255454e-17,Recovery,Partially Restored
Recovery,54.283000337581996,1.04471932237501e-16,90.62499999999997,15.375000000000007,1.7724203676155356e-17,Recovery,Partially Restored
Recovery,55.120270430973534,6.273015538438893e-17,90.62499999999997,15.375000000000007,1.0642495327282544e-17,Recovery,Partially Restored
Recovery,56.283000337581996,3.249957420960852e-17,90.62499999999997,15.375000000000007,5.513720865906002e-18,Recovery,Partially Restored
Recovery,57.120270430973534,1.9514364254894225e-17,90.62499999999997,15.375000000000007,3.3107128322096435e-18,Recovery,Partially Restored
Recovery,58.283000337581996,1.0110106142238194e-17,90.62499999999997,15.375000000000007,1.715231800683171e-18,Recovery,Partially Restored
Recovery,59.120270430973534,6.070611653027442e-18,90.62499999999997,15.375000000000007,1.029910666651553e-18,Recovery,Partially Restored
Recovery,60.283000337581996,3.1450949341084836e-18,90.62499999999997,15.375000000000007,5.335816233039225e-19,Recovery,Partially Restored
Recovery,61.120270430973534,1.888471761647575e-18,90.62499999999997,15.375000000000007,3.203890023208992e-19,Recovery,Partially Restored
Recovery,62.283000337581996,9.783895446190654e-19,90.62499999999997,15.375000000000007,1.659888468802002e-19,Recovery,Partially Restored
Recovery,63.120270430973534,5.8747384915682295e-19,90.62499999999997,15.375000000000007,9.966797716729556e-20,Recovery,Partially Restored
Recovery,64.283000337582,3.0436159110141825e-19,90.62499999999997,15.375000000000007,5.1636518214447553e-20,Recovery,Partially Restored
Recovery,65.12027043097353,1.8275386954326744e-19,90.62499999999997,15.375000000000007,3.1005139246650915e-20,Recovery,Partially Restored
Recovery,66.283000337582,9.468210132921436e-20,90.62499999999997,15.375000000000007,1.6063308225508105e-20,Recovery,Partially Restored
Recovery,67.12027043097353,5.685185286285304e-20,90.62499999999997,15.375000000000007,9.645210899490937e-21,Recovery,Partially Restored
Recovery,68.283000337582,2.945411173490821e-20,90.62499999999997,15.375000000000007,4.9970424046809826e-21,Recovery,Partially Restored
Recovery,69.12027043097353,1.7685716762206643e-20,90.62499999999997,15.375000000000007,3.000473326553681e-21,Recovery,Partially Restored
Recovery,70.283000337582,9.162710648720832e-21,90.62499999999997,15.375000000000007,1.554501254886432e-21,Recovery,Partially Restored
Recovery,71.12027043097353,5.501748169009461e-21,90.62499999999997,15.375000000000007,9.334000341905713e-22,Recovery,Partially Restored
Recovery,72.283000337582,2.850375091525189e-21,90.62499999999997,15.375000000000007,4.835808775966876e-22,Recovery,Partially Restored
Recovery,73.12027043097353,1.711507275740306e-21,90.62499999999997,15.375000000000007,2.903660619531832e-22,Recovery,Partially Restored
Recovery,74.283000337582,8.867068353316904e-22,90.62499999999997,15.375000000000007,1.504344010286869e-22,Recovery,Partially Restored
Recovery,75.12027043097353,5.324229799197424e-22,90.62499999999997,15.375000000000007,9.032831245534948e-23,Recovery,Partially Restored
Recovery,76.283000337582,2.7584054258740823e-22,90.62499999999997,15.375000000000007,4.679777481138102e-23,Recovery,Partially Restored
Recovery,77.12027043097353,1.6562841044540854e-22,90.62499999999997,15.375000000000007,2.80997165307383e-23,Recovery,Partially Restored
Recovery,78.283000337582,8.580965196513179e-23,90.62499999999997,15.375000000000007,1.4558051298912027e-23,Recovery,Partially Restored
Recovery,79.12027043097353,5.1524392036587043e-23,90.62499999999997,15.375000000000007,8.74137961448305e-24,Recovery,Partially Restored
Recovery,80.283000337582,2.669403236126455e-23,90.62499999999997,15.375000000000007,4.5287806626697134e-24,Recovery,Partially Restored
Recovery,81.12027043097353,1.602842753607739e-23,90.62499999999997,15.375000000000007,2.7193056371552007e-24,Recovery,Partially Restored
Recovery,82.283000337582,8.304093390260894e-24,90.62499999999997,15.375000000000007,1.408832395864953e-24,Recovery,Partially Restored
Recovery,83.12027043097353,4.986191571107795e-24,90.62499999999997,15.375000000000007,8.459331906844955e-25,Recovery,Partially Restored
Recovery,84.283000337582,2.583272774263919e-24,90.62499999999997,15.375000000000007,4.382655879096032e-25,Recovery,Partially Restored
Recovery,85.12027043097353,1.5511257313186746e-24,90.62499999999997,15.375000000000007,2.631565033823409e-25,Recovery,Partially Restored
Recovery,86.283000337582,8.036155077542481e-25,90.62499999999997,15.375000000000007,1.3633752752244497e-25,Recovery,Partially Restored
Recovery,87.12027043097353,4.825308053345306e-25,90.62499999999997,15.375000000000007,8.18638469739963e-26,Recovery,Partially Restored
Recovery,88.283000337582,2.499921381655611e-25,90.62499999999997,15.375000000000007,4.241245930257109e-26,Recovery,Partially Restored
Recovery,89.12027043097353,1.5010774007265514e-25,90.62499999999997,15.375000000000007,2.546655452267117e-26,Recovery,Partially Restored
Recovery,90.283000337582,7.77686201193877e-26,90.62499999999997,15.375000000000007,1.319384865473751e-26,Recovery,Partially Restored
Recovery,91.12027043097353,4.669615572854152e-26,90.62499999999997,15.375000000000007,7.92224435118705e-27,Recovery,Partially Restored
Recovery,92.283000337582,2.41925938937659e-26,90.62499999999997,15.375000000000007,4.104398688183735e-27,Recovery,Partially Restored
Recovery,93.12027043097353,1.4526439201394814e-26,90.62499999999997,15.375000000000007,2.464485547271122e-27,Recovery,Partially Restored
Recovery,94.283000337582,7.525935247535251e-27,90.62499999999997,15.375000000000007,1.2768138419956368e-27,Recovery,Partially Restored
Recovery,95.12027043097353,4.518946636603801e-27,90.62499999999997,15.375000000000007,7.666626707617489e-28,Recovery,Partially Restored
Recovery,96.283000337582,2.341200021742553e-27,90.62499999999997,15.375000000000007,3.971966933439093e-28,Recovery,Partially Restored
Recovery,97.12027043097353,1.405773185111463e-27,90.62499999999997,15.375000000000007,2.3849669209477253e-28,Recovery,Partially Restored
Recovery,98.283000337582,7.283104838833731e-28,90.62499999999997,15.375000000000007,1.2356164071400686e-28,Recovery,Partially Restored
Recovery,99.12027043097353,4.373139155862289e-28,90.62499999999997,15.375000000000007,7.419256774773269e-29,Recovery,Partially Restored
Recovery,100.0,2.5729924042733664e-28,90.62499999999997,15.375000000000007,4.365214699663784e-29,Recovery,Partially Restored
